,Unnamed: 0,Turnover ;  Total (State) ;  Food retailing ;,Turnover ;  Total (State) ;  Household goods retailing ;,"Turnover ;  Total (State) ;  Clothing, footwear and personal accessory retailing ;",Turnover ;  Total (State) ;  Department stores ;,Turnover ;  Total (State) ;  Other retailing ;,"Turnover ;  Total (State) ;  Cafes, restaurants and takeaway food services ;",Turnover ;  Total (State) ;  Total (Industry) ;,Turnover ;  Total (State) ;  Food retailing ;.1,Turnover ;  Total (State) ;  Household goods retailing ;.1,"Turnover ;  Total (State) ;  Clothing, footwear and personal accessory retailing ;.1",Turnover ;  Total (State) ;  Department stores ;.1,Turnover ;  Total (State) ;  Other retailing ;.1,"Turnover ;  Total (State) ;  Cafes, restaurants and takeaway food services ;.1",Turnover ;  Total (State) ;  Total (Industry) ;.1,Turnover ;  Total (State) ;  Food retailing ;.2,Turnover ;  Total (State) ;  Household goods retailing ;.2,"Turnover ;  Total (State) ;  Clothing, footwear and personal accessory retailing ;.2",Turnover ;  Total (State) ;  Department stores ;.2,Turnover ;  Total (State) ;  Other retailing ;.2,"Turnover ;  Total (State) ;  Cafes, restaurants and takeaway food services ;.2",Turnover ;  Total (State) ;  Total (Industry) ;.2
0,Unit,$ Millions,$ Millions,$ Millions,$ Millions,$ Millions,$ Millions,$ Millions,$ Millions,$ Millions,$ Millions,$ Millions,$ Millions,$ Millions,$ Millions,$ Millions,$ Millions,$ Millions,$ Millions,$ Millions,$ Millions,$ Millions
1,Series Type,Original,Original,Original,Original,Original,Original,Original,Seasonally Adjusted,Seasonally Adjusted,Seasonally Adjusted,Seasonally Adjusted,Seasonally Adjusted,Seasonally Adjusted,Seasonally Adjusted,Trend,Trend,Trend,Trend,Trend,Trend,Trend
2,Data Type,FLOW,FLOW,FLOW,FLOW,FLOW,FLOW,FLOW,FLOW,FLOW,FLOW,FLOW,FLOW,FLOW,FLOW,FLOW,FLOW,FLOW,FLOW,FLOW,FLOW,FLOW
3,Frequency,Month,Month,Month,Month,Month,Month,Month,Month,Month,Month,Month,Month,Month,Month,Month,Month,Month,Month,Month,Month,Month
4,Collection Month,1,1,1,1,1,1,1,1,1,1,1,1,1,1,1,1,1,1,1,1,1
5,Series Start,1982-04-01 00:00:00,1982-04-01 00:00:00,1982-04-01 00:00:00,1982-04-01 00:00:00,1982-04-01 00:00:00,1982-04-01 00:00:00,1982-04-01 00:00:00,1982-04-01 00:00:00,1982-04-01 00:00:00,1982-04-01 00:00:00,1982-04-01 00:00:00,1982-04-01 00:00:00,1982-04-01 00:00:00,1982-04-01 00:00:00,1982-04-01 00:00:00,1982-04-01 00:00:00,1982-04-01 00:00:00,1982-04-01 00:00:00,1982-04-01 00:00:00,1982-04-01 00:00:00,1982-04-01 00:00:00
6,Series End,2022-07-01 00:00:00,2022-07-01 00:00:00,2022-07-01 00:00:00,2022-07-01 00:00:00,2022-07-01 00:00:00,2022-07-01 00:00:00,2022-07-01 00:00:00,2022-07-01 00:00:00,2022-07-01 00:00:00,2022-07-01 00:00:00,2022-07-01 00:00:00,2022-07-01 00:00:00,2022-07-01 00:00:00,2022-07-01 00:00:00,2022-07-01 00:00:00,2022-07-01 00:00:00,2022-07-01 00:00:00,2022-07-01 00:00:00,2022-07-01 00:00:00,2022-07-01 00:00:00,2022-07-01 00:00:00
7,No. Obs,484,484,484,484,484,484,484,484,484,484,484,484,484,484,484,484,484,484,484,484,484
8,Series ID,A3348591K,A3348600A,A3348609W,A3348618X,A3348627A,A3348636C,A3348582J,A3348594T,A3348603J,A3348612K,A3348621L,A3348630R,A3348639K,A3348585R,A3348597X,A3348606R,A3348615T,A3348624V,A3348633W,A3348642X,A3348588W
9,1982-04-01 00:00:00,1162.6,592.3,359.9,460.1,479.1,342.4,3396.4,1167.1,653.5,360.7,479.8,507.9,349.8,3518.7,1173.2,652.9,362.7,482.4,505.1,347.5,3523.4
10,1982-05-01 00:00:00,1150.9,629.6,386.6,502.6,486.1,342.1,3497.9,1178.5,648.6,362.6,489.3,502.3,346.4,3527.7,1181.6,654.2,362,484.2,504.9,346.3,3533.6
11,1982-06-01 00:00:00,1160,607.4,350.5,443.8,467.5,328.7,3357.8,1203.6,655.9,365.1,479.2,506.9,350.8,3561.5,1192.7,655.7,361.9,486.5,504.7,345.8,3547
12,1982-07-01 00:00:00,1206.4,632.4,359.3,459.1,491.1,338.5,3486.8,1209.7,660.5,362,476.5,503.6,341.5,3553.9,1203.1,656.7,361.6,488.6,505.4,345.8,3560.6
13,1982-08-01 00:00:00,1152.5,622.6,325.2,438.4,485.7,331.5,3355.9,1198.8,659.7,359.4,515.3,506,342.7,3581.8,1213.3,656.6,361.9,489.8,505.6,346.4,3573.6
14,1982-09-01 00:00:00,1189.1,622,346.3,465.1,489.9,341.9,3454.3,1217.8,661.5,363.8,485.1,506.4,346.5,3581.2,1223.8,655.7,363.4,488.8,506.2,348.7,3586.7
15,1982-10-01 00:00:00,1247.4,637.8,354.2,452.7,500.9,358.4,3551.5,1242.2,649.6,359.1,482.6,508,354.2,3595.6,1232.8,658.2,366.2,485.6,508.7,353.1,3605.8
16,1982-11-01 00:00:00,1280.7,717.2,403.9,522.9,531.1,374.7,3830.5,1260.5,658.1,375.2,488,509.6,360.3,3651.7,1244.5,667.4,370.7,483.5,513.3,359,3637.7
17,1982-12-01 00:00:00,1483.7,1077,571.4,889.3,725.2,433.1,5179.7,1245.5,670.6,375.9,478.6,518,361.8,3650.4,1258.5,681.1,376.1,484.4,519.3,364,3681
18,1983-01-01 00:00:00,1202.8,615.9,326.5,379.2,491.4,368.6,3384.5,1240.5,702.8,386.1,471.2,525.7,369.3,3695.6,1268.7,695,382,488.8,525.3,367.5,3729.5
19,1983-02-01 00:00:00,1224.2,621.7,298.7,378,499.1,348.1,3369.8,1312.1,712.5,379.2,502.8,536.6,378,3821,1281.4,707,385.9,495.8,530.1,369,3773.4
20,1983-03-01 00:00:00,1332.4,719.1,377.2,472.1,538.7,365.8,3805.3,1293.3,728.6,395.2,502.8,536.8,366.1,3822.8,1289.2,715.7,389.8,503,534.4,368.8,3807.6
21,1983-04-01 00:00:00,1270.9,633.4,412.5,503.4,493.8,351.1,3665.1,1301.1,722.3,424,537.4,536,364.4,3885.2,1298.5,717.6,391.8,507.6,538.6,368.9,3831.1
22,1983-05-01 00:00:00,1251.7,697.9,418.5,510.6,520.8,360.5,3760,1294.4,710.2,390.5,492.5,538.7,366.9,3793.2,1307.3,718.6,395.5,509.7,542.3,369.6,3848.5
23,1983-06-01 00:00:00,1269.3,661.8,383,462.4,507.3,347.1,3630.8,1308.7,713.9,396.3,504.9,546.2,369.4,3839.4,1316.8,717.6,399.2,510,546.6,371.3,3865.1
24,1983-07-01 00:00:00,1292.8,656.9,384,468.3,519.9,364.5,3686.5,1330.7,706.2,402.1,507,549.1,376,3871.1,1328,718.8,402.7,510.3,551.3,373.1,3885.6
25,1983-08-01 00:00:00,1337,711,379.9,458.2,554.2,376,3816.3,1349.7,733.7,406.5,516.3,559.8,379.5,3945.5,1342,722.7,405.1,511.5,556.5,374.9,3912.6
26,1983-09-01 00:00:00,1322.8,690.3,402,482.7,547.9,377.6,3823.4,1353.8,727.1,418.3,507.4,564.6,380.1,3951.4,1355.7,730.9,407.1,513.7,561.7,376.3,3942.9
27,1983-10-01 00:00:00,1355.4,714.6,395.8,485.3,553.5,374.1,3878.7,1362.3,739.8,406.2,526.4,565.4,372.3,3972.3,1365.3,738,408.3,515.8,566,377.6,3971.4
28,1983-11-01 00:00:00,1410.9,815.5,431.7,568.7,594.1,390.6,4211.5,1377.2,744.4,399.1,520.8,567,374.8,3983.3,1371,744.5,410,517.4,569.4,379.6,3996.3
29,1983-12-01 00:00:00,1642.3,1197.8,626,963.7,795.5,459,5684.3,1383.1,750.4,413.6,514.9,572.6,383.1,4017.6,1372.8,749.5,414.6,518.9,572.5,383.4,4018.8
30,1984-01-01 00:00:00,1314.5,684.2,357.6,414.7,538.8,388.8,3698.5,1368.8,771.3,421.1,510.2,576.7,391.2,4039.3,1372.9,751,419.6,521.1,575.8,388.4,4040.1
31,1984-02-01 00:00:00,1335.4,698.5,346,414.5,561.6,377.1,3733.2,1368.9,768.8,421.4,530.7,577.9,393.3,4061.2,1375,748.5,425.5,525.4,578.9,394.4,4061.2
32,1984-03-01 00:00:00,1388.8,746,419,484.7,574.6,397.8,4010.9,1363.1,773.7,444.1,534.2,582.7,401.2,4098.9,1380.4,747.6,430.3,532,582.3,400,4082.3
33,1984-04-01 00:00:00,1346.5,634.7,406.9,487.3,529.7,383.3,3788.4,1402.5,734.3,431,541.8,584.2,403.9,4097.7,1389.4,744.2,431.4,540.5,584.5,404.2,4101.7
34,1984-05-01 00:00:00,1404.3,755,480.9,597.9,590.1,414,4242.3,1400.9,741.8,431.8,546.7,589.5,411.6,4122.3,1399.2,742.5,431.3,550,586.5,406.4,4120.1
35,1984-06-01 00:00:00,1367.6,677.2,403.1,500.4,542.2,381.5,3872.1,1407.2,731.4,419.2,545.1,585.7,404.6,4093.2,1409.2,742.9,430.2,558.7,588.5,407.5,4139.1
36,1984-07-01 00:00:00,1361.6,708.7,411.9,543.4,559.4,393,3978,1428.1,763.3,434.5,592.8,596,408.9,4223.6,1419.2,746.2,430.3,565.7,591.3,408.2,4160.4
37,1984-08-01 00:00:00,1436.7,740.9,414.5,503.4,591.6,409,4096.1,1425.4,750.6,434.1,558.9,589.3,406.8,4165.1,1426.6,753.1,430.9,570.8,595.7,409.1,4184.7
38,1984-09-01 00:00:00,1355.6,679,392.1,522.8,557.2,394.7,3901.4,1427.5,751.1,429.1,579.6,596.6,408.8,4192.8,1434.6,759.8,433.3,574.6,600.5,410.5,4212.1
39,1984-10-01 00:00:00,1462.7,769.3,446.3,556.6,614.5,424.5,4274,1442.8,762.9,440,576.2,608.5,414.3,4244.7,1445.4,763.1,437.6,577.6,605.8,412.6,4241.5
40,1984-11-01 00:00:00,1501.4,859.3,484.8,623.2,651.8,436.5,4557.1,1456.9,775.8,443,577.6,617.6,416.1,4287,1456.2,765.2,442.2,580.4,610.8,415.1,4270.9
41,1984-12-01 00:00:00,1686.6,1174.6,638.8,1039.4,820,488.1,5847.5,1469.2,778.2,441.3,580.7,613.1,419.2,4301.7,1468.5,768,447,585.3,615.2,418.1,4303
42,1985-01-01 00:00:00,1484.7,703,401.6,516.3,598.9,425.6,4130,1488.2,764.1,455,596.5,618.4,418.9,4341.1,1479.8,774.3,453,593.4,618.7,421.3,4339.8
43,1985-02-01 00:00:00,1397,669.4,368.2,452.5,577.9,391.8,3856.8,1492.9,766.4,466.6,606.6,621,425.8,4379.3,1491.7,783.4,459.1,604.2,620.4,425,4383.3
44,1985-03-01 00:00:00,1495,742.2,418.3,525.8,599.6,416.1,4196.9,1497.6,793.3,459.6,604.1,624.3,427.7,4406.6,1504.2,793.3,465.5,615.1,623.2,429.1,4431
45,1985-04-01 00:00:00,1474.9,721.6,450.3,587.7,574.6,419.8,4228.9,1513.6,813.8,467.4,624.1,621.7,436.1,4476.7,1517.5,807.2,471.6,625.2,627.1,433.8,4482.6
46,1985-05-01 00:00:00,1556.8,855.8,540.1,700.3,639.9,446.2,4739.1,1535.8,831.5,481.2,655,632.7,440.5,4576.7,1533.7,818.7,477.4,633,632.7,439.9,4535.2
47,1985-06-01 00:00:00,1453.7,742.3,452.3,561.8,573.5,406.8,4190.3,1543.2,829.9,487.9,632.6,639.2,442.3,4575.1,1551.7,827.9,482.8,638.2,638.6,447,4586.1
48,1985-07-01 00:00:00,1558.6,799.9,476.4,602.8,628.6,448.5,4514.6,1589.7,834.3,486.1,636.1,648,455.2,4649.3,1570.7,837,488.2,640.9,644.9,454.8,4635.5
49,1985-08-01 00:00:00,1585.7,815.5,467,582.5,649.6,466,4566.3,1573.7,832.8,493.5,639.1,652.2,464,4655.3,1588,845.3,494.7,642.5,650.6,463.1,4684.6
50,1985-09-01 00:00:00,1518,776.8,452.6,563.1,614.7,455.2,4380.3,1607.5,850.9,490.2,646.1,656.3,470.8,4721.8,1604.3,855.2,501.1,644.6,656.8,471,4734.3
51,1985-10-01 00:00:00,1655.7,881.3,522.9,637.1,667,493.6,4857.7,1627.3,864.6,509.3,648.6,657.3,481,4788.1,1618.7,866.9,506.1,647.3,663.7,477.9,4779.9
52,1985-11-01 00:00:00,1667.3,973.2,557.3,697.1,704.6,505.6,5105,1623.1,890.5,519.3,644,669.9,484.4,4831.2,1630.6,875.5,507.9,648.7,669.7,483,4814.6
53,1985-12-01 00:00:00,1867.3,1351.7,749.7,1187.5,908.1,563.9,6628.2,1647.4,895.3,515.5,651.6,681.2,486.1,4877.1,1641.6,877.9,507.3,649.2,675.9,487.3,4839.5
54,1986-01-01 00:00:00,1674.4,812.6,447,570.5,666.1,504.3,4674.9,1652.5,870.5,498.6,664,681.8,493.5,4860.9,1654.9,878.7,504.9,648.4,681.1,491.9,4860.4
55,1986-02-01 00:00:00,1558.5,763.6,399.4,478.2,641.5,452.9,4294.1,1666.9,874.8,505.7,647.4,692.1,492.8,4879.8,1668.2,881.1,503.8,648,687,497.2,4884.9
56,1986-03-01 00:00:00,1676.6,768,419.6,547.4,636.2,480.3,4528,1679,862.5,479.8,625.3,679.4,500.6,4826.5,1683.8,885.3,504.2,649.1,693,503.7,4919.1
57,1986-04-01 00:00:00,1643.7,827,504.5,594.3,662.4,497.2,4729,1694.9,898,511.2,643.4,701.3,511.7,4960.5,1701.7,893.9,507.9,653.3,698.5,511.6,4967.1
58,1986-05-01 00:00:00,1746.5,935.1,588.2,751.6,709.8,530.8,5261.9,1724.5,918.1,534.1,704.7,708.4,528.2,5118,1720.6,905,514.3,661.1,703.8,520.3,5024.2
59,1986-06-01 00:00:00,1638.5,833.6,485.7,553.4,641.8,484.8,4637.8,1751.1,922.9,518.1,631.9,712.5,524.5,5060.9,1736.3,917.3,518.9,670.4,710.3,528.2,5080.1
60,1986-07-01 00:00:00,1721.8,878.2,507.2,663.2,692.9,526.3,4989.5,1743.3,907.7,512,689.7,711.8,531,5095.5,1749.3,922.3,522.1,678.9,716.4,535.7,5125.6
61,1986-08-01 00:00:00,1720.9,898.1,484.5,581.1,700.8,538.4,4923.8,1757.9,945.5,531.2,688.5,723.3,548.7,5195,1757.6,924.2,524.3,685.1,721.9,541.7,5156.7
62,1986-09-01 00:00:00,1705.7,862.3,496.9,661.9,698.1,537.4,4962.2,1769.7,918,523,705.5,725.9,546.2,5188.3,1765.3,923.2,525.2,688.8,727.5,547.2,5177.8
63,1986-10-01 00:00:00,1816.4,950.6,545.5,665.6,756.7,570.4,5305.1,1763.5,918.5,522.3,684.6,737.5,550.9,5177.3,1772.3,922.4,525.6,691.6,733.3,552,5196.8
64,1986-11-01 00:00:00,1774.7,968.2,545.8,700.9,750.1,563.8,5303.5,1787.7,920.1,530.2,669.2,736.6,555.2,5199,1782.9,922.2,526.7,695,738.3,556.1,5220.3
65,1986-12-01 00:00:00,2073.6,1414,804.4,1367.9,1017,663.2,7340,1782.9,917.2,536.2,715.3,741.8,559.4,5252.8,1794.8,923.2,528.4,698.3,744.2,559.9,5247.4
66,1987-01-01 00:00:00,1830.7,861.1,461.1,613.9,726.9,571.6,5065.3,1807.6,928.9,518.7,705.4,753.1,563.3,5277,1807.3,925.3,528,700.4,751,562.7,5275.2
67,1987-02-01 00:00:00,1710.1,812.5,417.6,513.2,701.3,525.1,4679.8,1831,930.8,528.4,702.3,759.7,570.9,5323.2,1818.2,928.7,530.4,704.1,758.5,565.1,5306.3
68,1987-03-01 00:00:00,1791,862.3,479.3,599.9,716.8,543.6,4993,1833.9,939.3,538.4,711.4,757,564,5344,1829.1,934.2,535.4,708.9,766.1,568.4,5341.5
69,1987-04-01 00:00:00,1824.4,846.8,528.6,674.1,733.9,558.1,5166,1828.1,937,539.4,707.8,782.7,571.5,5366.6,1837.9,939,541.6,714.7,774.3,572.3,5380.2
70,1987-05-01 00:00:00,1823.3,933.6,585.4,714,764.8,565.1,5386.3,1848.4,944.9,552.6,709.4,781.6,576,5413,1846.3,948.3,550.8,720.3,782.8,577.3,5423.8
71,1987-06-01 00:00:00,1761.9,886.2,529.5,670.5,728.4,542.3,5118.9,1854.6,951.3,551.4,722.5,789.2,576.5,5445.4,1853.2,959.3,560,724.9,789.5,583.2,5470.8
72,1987-07-01 00:00:00,1856.9,958.9,579.7,720.9,779.7,598.6,5494.6,1851.2,976.6,575.1,760.4,792.3,598.4,5553.8,1860.4,976.9,568.9,727.3,795,589.7,5519.7
73,1987-08-01 00:00:00,1821,938.2,518.6,601.6,773.7,583.7,5236.7,1881.8,998.4,574.9,723.8,804.3,598.5,5581.7,1874.1,993.3,574,727,799.5,597.1,5564.9
74,1987-09-01 00:00:00,1830,953,563.1,672.3,783.9,592.7,5395.1,1883.5,1008.3,586,713.6,804.1,599.6,5595.2,1886,1009.5,576.1,726,802.5,603.1,5601.9
75,1987-10-01 00:00:00,1942.4,1058.8,596.6,709.1,814.1,623.3,5744.4,1889.1,1032.4,577.5,720.2,801.1,605.9,5626.2,1896.4,1020.8,575.8,725.9,803.9,607.2,5630
76,1987-11-01 00:00:00,1885.9,1084.6,587.2,743.2,822,621.9,5745,1915.8,1030.8,569.2,719.6,804.7,612.9,5652.9,1905.5,1029.4,574.8,728.2,804.9,609.6,5652.9
77,1987-12-01 00:00:00,2272.4,1576.1,864.5,1460.1,1109.6,739.8,8022.4,1934.7,1032.9,570.8,738.8,810.9,623,5711.1,1914.1,1037.4,577.2,733.8,804.5,611.3,5677.6
78,1988-01-01 00:00:00,1885.1,938.9,487,631,757.4,605,5304.4,1904.3,1032.5,559.1,758.3,801.3,603.9,5659.4,1921.8,1046.6,578.3,741.9,808.2,613.7,5711.3
79,1988-02-01 00:00:00,1845.2,968.3,502.6,551.1,773.5,586.1,5226.8,1911,1065.5,612.7,738.9,810.2,612.4,5750.7,1934.7,1055.8,585.1,749.8,812.2,619.2,5755.8
80,1988-03-01 00:00:00,2021.6,1035.6,551,678.1,818,625.3,5729.7,1950.5,1071.6,592.5,748.4,820.4,623.3,5806.5,1947.1,1067.8,589.9,754.8,819.4,627.5,5806.8
81,1988-04-01 00:00:00,1937.5,945.3,563.1,715.7,753.7,611.9,5527.3,1982.4,1061.8,588.6,765.9,823.7,640.3,5862.7,1959.8,1080.5,594.9,756.8,828.5,638.1,5858.9
82,1988-05-01 00:00:00,1907,1074.9,619.6,740.8,814.9,630.5,5787.8,1980.8,1102.1,596.5,763.9,842.3,650.8,5936.4,1972.3,1091,600.3,756.8,837.6,649.8,5908.5
83,1988-06-01 00:00:00,1925.7,1053.6,601.6,722,800.8,635.5,5739.2,1985.1,1110.5,608.1,756.6,852.7,663.7,5976.7,1983.8,1096.6,608.3,756.7,847.7,659.3,5953.1
84,1988-07-01 00:00:00,1932.6,1045.1,592.7,683.5,810.1,658.7,5722.7,1976.6,1100.2,611.2,752,856.4,672.2,5968.7,1998.6,1097.5,617.4,758.7,856.4,663.8,5992.9
85,1988-08-01 00:00:00,1977.6,1073.4,578,650.9,850.9,656.4,5787.3,2009.2,1103.5,625,753.8,867.2,665.4,6024.2,2020.1,1098.4,627.6,763.6,866.8,663.6,6037.7
86,1988-09-01 00:00:00,2035.2,1040.7,641.7,723.3,845.5,660,5946.3,2049.6,1083.5,653.1,764.9,868.4,659.1,6078.6,2043.5,1102.6,638.1,770.2,878.8,662.2,6095
87,1988-10-01 00:00:00,2050.7,1092.9,650.2,729.6,872.1,670.2,6065.8,2075.1,1099.2,653,783.8,889.9,665.9,6166.9,2071.3,1113.2,644.8,777.2,891.7,664.5,6162.4
88,1988-11-01 00:00:00,2109.5,1210.9,664.4,870.3,945,670.8,6470.9,2100.5,1124.3,633.8,794.9,904.3,654,6211.8,2099,1127.5,649.4,782.4,903.5,671.1,6234.6
89,1988-12-01 00:00:00,2549.7,1714.8,956.3,1570,1321.2,773.9,8885.8,2132.7,1155.1,637.3,790.5,924.2,668.1,6307.8,2121.6,1147.6,652,783.8,916.5,682.1,6301.5
90,1989-01-01 00:00:00,2056.1,1089.2,598,631.5,872.7,732.8,5980.3,2135.2,1197.8,684.3,779.1,941.7,721.1,6459.2,2138.8,1165.8,656.8,781.7,924.3,695.3,6356.4
91,1989-02-01 00:00:00,1990.2,1021.5,517,552,832.7,660.7,5574.1,2136,1161.7,652.5,761.5,913.8,713.4,6339.1,2152.7,1179.6,656.6,778.7,931,707.2,6400.6
92,1989-03-01 00:00:00,2261.2,1107,593,719,905.5,713.2,6299,2156.7,1176.6,651.9,788.1,930.7,716.8,6420.8,2163.2,1187.8,655.7,778,936,718.1,6438
93,1989-04-01 00:00:00,2104.6,1089,632.3,697.6,858.2,693.9,6075.7,2197.6,1200.1,655.6,779.9,941.3,719.2,6493.7,2178.6,1193.4,655.5,781.6,940.7,726.8,6475.5
94,1989-05-01 00:00:00,2139,1203.6,679.5,764.8,940.9,710,6437.8,2173.6,1203.2,641.7,773.7,955.8,726.7,6474.6,2195.6,1196.9,653.2,788.4,948.1,734.6,6517.9
95,1989-06-01 00:00:00,2170.3,1151.9,661.4,786.3,885.8,721.7,6377.4,2215.9,1204.8,663.3,808,954.7,750.2,6596.8,2216.4,1201.1,652.6,796.4,955.5,742.8,6565.1
96,1989-07-01 00:00:00,2163.1,1135.8,634.6,715.1,897.7,741.3,6287.5,2245.3,1201.8,658.2,806.3,959.7,761,6632.3,2236.6,1206.8,653.7,803.9,964.3,751.8,6617
97,1989-08-01 00:00:00,2255.1,1161.5,603,723.8,947.4,745.5,6436.4,2258.4,1191.3,646.6,815.8,965.5,753.5,6631,2257,1213,655.3,809.9,972.2,761.9,6669.4
98,1989-09-01 00:00:00,2262.6,1174,636.3,757.9,967.7,766.9,6565.5,2293.1,1227.4,659.9,809.7,993.7,771.2,6754.9,2274.9,1218.5,657.6,814.1,979,772.8,6717.7
99,1989-10-01 00:00:00,2221.7,1217.4,651.2,751.7,969.8,793.7,6605.4,2270,1222.9,653.6,806.5,989,789.8,6731.8,2291.6,1221.2,659.3,816.5,987.6,784.9,6762.3
100,1989-11-01 00:00:00,2327.5,1351.2,709.5,923.8,1034.8,807.5,7154.3,2283.8,1252.7,667.9,828.7,982.3,779.9,6795.4,2307.6,1222.4,660.3,817.4,996.6,798.3,6800.7
101,1989-12-01 00:00:00,2788.4,1714.2,964.7,1569.4,1415,942.7,9394.4,2371.4,1208.1,660.9,818.4,1006.3,822.2,6887.2,2322.3,1214.2,659.2,817,1006.1,812.7,6831.1
102,1990-01-01 00:00:00,2277.4,1128.5,604.5,678.2,965.4,857.5,6511.6,2315.4,1192.4,665.6,817,1015.2,836.3,6841.9,2336.9,1207.5,660.8,817,1011.8,823.6,6857.3
103,1990-02-01 00:00:00,2185.3,1048,516.7,586.2,930.4,764.4,6031,2353.1,1192,649.8,810.4,1026.3,823.7,6855.3,2351.5,1200.8,660.1,817.1,1017.2,831,6880.4
104,1990-03-01 00:00:00,2439.5,1148.2,604.4,726.8,990.1,840.3,6749.3,2364.6,1194.5,659.7,821.3,1021.8,841.9,6903.8,2367,1200.9,661.8,818.5,1022.7,835.3,6905.2
105,1990-04-01 00:00:00,2286,1083.7,635.3,744.1,922.4,804.6,6476.1,2374.4,1210.7,667.9,820.6,1017,834.9,6925.6,2382,1202.6,665.3,821.7,1026.1,836.9,6933.1
106,1990-05-01 00:00:00,2382.9,1211.6,712.9,815.5,1016.2,808.9,6947.9,2391.1,1213.8,669.3,811.5,1035.5,825.6,6946.8,2394.2,1206.8,669.3,825.9,1028.4,836.7,6959
107,1990-06-01 00:00:00,2361.9,1160.4,664.7,832.4,940.5,799,6758.9,2425.7,1214.2,674.2,852.9,1016.8,838.8,7022.6,2403.8,1207.4,672.4,829.5,1027.6,835.4,6979.2
108,1990-07-01 00:00:00,2302.9,1136.2,647.9,710.3,961.2,815,6573.5,2417.6,1197.6,673.9,817.5,1031,840.2,6977.7,2413.8,1204.7,675.1,831.1,1028.7,833.7,6988.8
109,1990-08-01 00:00:00,2469,1186,639.4,759.4,1029.4,828,6911.2,2425.3,1200.6,680.8,845.6,1036.9,836.7,7025.9,2422.8,1196.9,676.8,830.3,1025.4,830.8,6987.7
110,1990-09-01 00:00:00,2307.8,1111.3,636,741.1,980.6,812.4,6589.3,2412.6,1196.3,680.9,824.1,1025.3,822.3,6961.5,2437.2,1191.4,677.3,828,1021.2,828.8,6986
111,1990-10-01 00:00:00,2442.4,1215.3,682.8,786.6,1042.9,833,7002.9,2440.9,1179.7,669.3,814.2,1031.1,821.7,6956.9,2454.7,1189.2,677.6,825.2,1013.1,826.5,6991.9
112,1990-11-01 00:00:00,2553.4,1277,722.3,931.5,1066.6,851.5,7402.3,2484.4,1186.1,679.3,827.2,1013,821.2,7011.2,2476.5,1193.5,678.9,823.5,1007.4,825.4,7009.8
113,1990-12-01 00:00:00,2887.2,1659.5,985.8,1563.1,1373,945.7,9414.4,2498.9,1195,681,826.4,987.6,828.2,7017.2,2498.7,1200.2,680.9,824.5,1004.3,824.4,7038.9
114,1991-01-01 00:00:00,2551.9,1147.3,635.7,694,946.6,861.7,6837.2,2551.1,1204.7,681.8,817.3,998.4,832.6,7086,2518.5,1208.2,683.6,825,1004.3,825.6,7065.9
115,1991-02-01 00:00:00,2341.5,1094.5,551.5,604.7,921.3,771.1,6284.6,2520.7,1241.8,691.5,834.7,1022.7,830.4,7141.7,2526.5,1215.1,686,824,1009.3,826.2,7085.3
116,1991-03-01 00:00:00,2593.6,1133.5,603,719.2,975.4,813.3,6837.9,2536.9,1220.1,686.6,822,1021,819.7,7106.4,2533.5,1217.2,688.7,823.4,1017,827,7104.5
117,1991-04-01 00:00:00,2402.9,1136.3,686.3,748.2,938.5,797.4,6709.5,2516,1221.7,700.3,837.6,1021.8,824.8,7122.2,2538.4,1216.9,691.3,823.6,1026.4,829.3,7128.8
118,1991-05-01 00:00:00,2584.5,1205.3,735.1,828.2,1018,820.6,7191.7,2551.1,1197.9,687.4,816.7,1027.3,837.5,7117.9,2549.8,1218.4,695.1,826.8,1036.2,834.4,7167.2
119,1991-06-01 00:00:00,2410,1110,651.6,746.9,955.1,801.3,6674.9,2543.5,1200.9,674.8,782,1052.5,847.1,7100.9,2566.9,1224.5,699.3,832.7,1046.7,843.9,7222.5
120,1991-07-01 00:00:00,2540,1220.1,722.7,794.5,1040.2,829.4,7147,2609.5,1245.9,737.9,895,1084.8,851.6,7424.6,2587.8,1234.2,706.7,839.8,1053.4,858.4,7287.5
121,1991-08-01 00:00:00,2684,1231.6,664.8,770.4,1058.4,853.5,7262.7,2628.9,1263.9,712.1,843.9,1083.4,867.3,7399.6,2605.5,1243,710,846.7,1062.3,876,7350.2
122,1991-09-01 00:00:00,2452.1,1165.6,648.6,741.5,1008.2,882,6898.1,2594.8,1241.1,696.9,846.5,1049.4,891.9,7320.6,2617.2,1250.8,712.8,852.7,1063,893,7396.3
123,1991-10-01 00:00:00,2679.6,1312.5,753,858.6,1081.9,938.9,7624.4,2635.5,1270.7,729.5,862.3,1068,918.6,7484.6,2622.8,1251.3,717.1,856.5,1065.9,905.3,7420.6
124,1991-11-01 00:00:00,2693.4,1343.1,740.7,944.7,1128.7,953.8,7804.4,2636.5,1252.3,707.7,842.1,1069.7,928,7436.4,2626.9,1247.4,719.9,858.1,1069.1,912.1,7432.9
125,1991-12-01 00:00:00,2984.8,1660.7,1046.5,1600.3,1473.1,1048.3,9813.7,2620.5,1216.1,724.9,864.9,1064.3,919.9,7410.7,2634,1244.3,723.7,859,1076,915.6,7450.4
126,1992-01-01 00:00:00,2684.5,1203.5,695.3,740,1043.7,938.3,7305.3,2633.6,1239.3,733,866.3,1089.7,902.2,7464.1,2645,1245.7,727.9,861.6,1082.4,920.1,7484.3
127,1992-02-01 00:00:00,2562.4,1143.3,611.4,665.9,1003.6,861.5,6848.2,2645.8,1251.8,736.5,871.3,1082.2,895.5,7483.1,2665.2,1255.4,733.7,866.3,1089,925.1,7533.9
128,1992-03-01 00:00:00,2643.1,1199.5,645.5,701.5,1038.9,936.1,7164.6,2704.7,1273.4,729.2,853.4,1095.4,943.6,7599.8,2684.7,1264.6,736.1,869,1092.5,931.5,7580.6
129,1992-04-01 00:00:00,2707.1,1206.7,721.6,831.4,1036.8,932,7435.5,2718.4,1301.9,733.1,870.8,1110.4,949.9,7684.5,2706,1273.6,736.7,870.1,1091.4,935.4,7613
130,1992-05-01 00:00:00,2697.5,1228.4,769.2,878.6,1048.2,929.4,7551.4,2723.7,1267.5,745.8,885,1088.5,960.9,7671.5,2725,1275.7,735.1,869.3,1086.5,934.9,7627
131,1992-06-01 00:00:00,2584.2,1199.3,721,826,981.7,868.5,7180.7,2733.8,1262.9,733.8,874.2,1071.7,921,7597.5,2735.5,1279,731.6,869.1,1082.7,930.7,7626.4
132,1992-07-01 00:00:00,2754.7,1278.9,729.6,788.2,1044.4,891.3,7487,2744.2,1293.4,735.4,861.6,1077.4,905.7,7617.6,2741.7,1282.1,726.8,870,1080.8,922.4,7621.5
133,1992-08-01 00:00:00,2670.5,1194.8,633.8,723.6,1021.1,875.5,7119.3,2733.4,1265.2,704.3,850.7,1068,902.3,7523.9,2742.9,1288.6,720.3,872.2,1084,914.8,7623.8
134,1992-09-01 00:00:00,2665.6,1260.6,668.4,819.8,1077.5,914.1,7406,2754.4,1302.3,703.7,884.2,1092.4,919.4,7656.5,2743.8,1298.3,715.6,875.5,1092.6,910.5,7638.4
135,1992-10-01 00:00:00,2858.5,1379.7,747.9,902.5,1121.8,935.7,7946.1,2755,1334.5,723.8,887.2,1109.5,913.9,7723.8,2748.1,1311.5,714.8,880.1,1101,909.9,7664.7
136,1992-11-01 00:00:00,2700.6,1382.2,734,968.6,1169.8,931.8,7887,2749.1,1324,720.6,906.5,1126.7,911.4,7738.4,2755.6,1323,713.6,884.7,1108.8,908.7,7693.6
137,1992-12-01 00:00:00,3221.5,1817.1,1060.3,1650.9,1584.1,1045.8,10379.6,2738,1307.5,710.5,852.4,1117.9,907,7633.4,2764.9,1334.3,711.4,887.7,1112.3,905.6,7718.5
138,1993-01-01 00:00:00,2789.1,1292.7,663.8,762.1,1030.4,917.8,7455.9,2789.3,1363.8,711.6,910,1101.8,894,7770.5,2780,1348.6,707.8,890.9,1115.7,898.3,7741
139,1993-02-01 00:00:00,2610.6,1190.4,568.3,643,982.5,838.1,6833,2810.9,1345.8,707.3,886.1,1099.4,905.2,7754.6,2797.8,1358.1,705.6,894.8,1118.8,890.2,7765.1
140,1993-03-01 00:00:00,2795.8,1346.6,634.5,754.1,1096.6,869.8,7497.4,2811.9,1382.9,702.2,898,1131,869.5,7795.4,2816.6,1365.7,702.1,897.8,1124.1,883.7,7789.1
141,1993-04-01 00:00:00,2832.7,1274.5,668,840.7,1061.8,862.1,7539.8,2831,1375.3,677.8,888.9,1141.6,877.5,7792.1,2830.1,1371.3,700.9,898.3,1130.1,879.4,7811.2
142,1993-05-01 00:00:00,2773.6,1324.2,723,906.6,1095.7,852.1,7675.2,2843.6,1376.2,709.5,911.6,1147.9,880.1,7868.8,2838.9,1374,704.4,895,1135.9,878.8,7825.1
143,1993-06-01 00:00:00,2714.1,1308.6,711.5,887.1,1059,827.6,7507.9,2844,1364.4,722.6,930.9,1136.8,877,7875.6,2843.2,1374.3,707,889.6,1142.2,881.1,7834.7
144,1993-07-01 00:00:00,2876.2,1345.9,702.8,771.5,1095.6,882.3,7674.2,2859.9,1376.3,711.8,830.7,1143.5,896.8,7818.8,2844.4,1377.8,709.9,884.8,1149.7,887.3,7853
145,1993-08-01 00:00:00,2734,1300.5,639.9,728.7,1091.6,866.9,7361.4,2824.8,1377.4,707.3,872.5,1140.8,892.8,7815.7,2847.9,1389.2,709.6,882.6,1160.2,896.4,7887.1
146,1993-09-01 00:00:00,2805.7,1366.1,678.3,844.7,1165.8,904.9,7765.5,2852.4,1406.4,705.5,891.6,1177.5,903.8,7937.1,2855.3,1401.7,708.8,882.4,1174.3,908,7935.8
147,1993-10-01 00:00:00,2901.8,1438,703.9,886.9,1201.7,931.2,8063.3,2858.1,1421.7,699.6,900.7,1198.8,916.9,7995.8,2864,1418.7,708.3,885.5,1190.8,922.1,7998.9
148,1993-11-01 00:00:00,2872.4,1532.2,746.5,970,1285.1,963,8369.3,2896.3,1447,722.1,900.2,1226.7,941.4,8133.8,2876.6,1436.1,707.8,890.8,1205.4,937.4,8068.1
149,1993-12-01 00:00:00,3433.4,2011.8,1089.7,1710.5,1786,1099.5,11130.8,2893.1,1443.1,731.2,884.2,1244.8,957.3,8153.7,2889.4,1450.4,714.2,896.5,1217.4,952.3,8132.6
150,1994-01-01 00:00:00,2834.4,1373.4,665.3,745.7,1127.3,984.5,7730.6,2873.2,1449.5,713.5,885.1,1213.4,960.3,8095,2900.9,1460.4,718.9,902.9,1223.2,963.9,8184.4
151,1994-02-01 00:00:00,2724.2,1325.1,579.3,664.4,1100.6,901.6,7295.2,2930.3,1497,718.3,916.8,1238.8,974.6,8275.7,2912.6,1469.9,722.3,908.6,1227.1,972.3,8220.7
152,1994-03-01 00:00:00,3048.7,1451.4,685.9,821.5,1217.5,1015.2,8240.1,2941.3,1464.2,735.9,928.2,1234.5,990.3,8294.3,2922.4,1476.6,723.9,913.9,1233.5,977,8249.5
153,1994-04-01 00:00:00,2837.4,1334.8,709.4,831.7,1123,939.1,7775.5,2917.3,1474.8,735.3,904.7,1231.3,973,8236.5,2935.8,1484.6,723.6,917,1242.4,979.6,8281.2
154,1994-05-01 00:00:00,2848.7,1443.6,731.6,908,1187.7,941.4,8061.2,2948.4,1497.8,720.7,934.6,1247.4,972.3,8321.2,2952.8,1492.6,720.8,918.6,1253.6,981.8,8324.3
155,1994-06-01 00:00:00,2869.9,1456,695.9,912.6,1187.9,934.8,8057.1,2964.8,1504.5,703.9,938.9,1269.1,983.3,8364.4,2972.6,1501.6,719.8,919.9,1264,985.4,8381.3
156,1994-07-01 00:00:00,2953.3,1427.8,682.5,782.9,1216.9,1013.3,8076.6,3002.6,1485.9,710.1,863.7,1277.9,1036.3,8376.6,2995.6,1509.9,724.7,922.6,1274.2,1032,8444.9
157,1994-08-01 00:00:00,2964.7,1503.1,677.3,798.8,1261.3,1017.5,8222.7,3021.5,1550.8,736.9,935,1288.5,1038.7,8571.5,3020.3,1512.8,729.7,926.4,1282.2,1037.3,8506
158,1994-09-01 00:00:00,3013.5,1475.2,722.3,887,1271.9,1040.7,8410.6,3049.8,1515.4,747.6,953.5,1291.5,1044.6,8602.5,3044,1516.9,736.1,929.7,1287.3,1040.7,8557.8
159,1994-10-01 00:00:00,3081.6,1508.7,748.2,934.6,1303.5,1061.8,8638.4,3074.2,1502.9,750.7,949.3,1314,1044.7,8635.8,3065.3,1515.1,740.4,930.7,1288,1043,8593.5
160,1994-11-01 00:00:00,3082.7,1616.5,773.9,1000.4,1363,1070.2,8906.7,3071.3,1521.9,744.2,918.8,1286.1,1045.8,8588.1,3086.4,1516.1,745.2,930.4,1287.9,1045.1,8621
161,1994-12-01 00:00:00,3700,2058.9,1092.1,1817.5,1827.4,1188.3,11684.1,3110.5,1500.6,731.1,924.8,1288.5,1040.1,8595.6,3110.1,1519.5,748.8,930.2,1288.9,1048.7,8653.3
162,1995-01-01 00:00:00,3063,1463.9,703.5,752.4,1209.3,1076.3,8268.3,3133.1,1536,750.2,908.6,1299.8,1057.2,8684.8,3133,1530.1,753.1,931.3,1293.6,1058.2,8701.8
163,1995-02-01 00:00:00,2949.1,1373.3,615.7,682.5,1148.1,981.6,7750.3,3172,1552.9,763.2,945.1,1295.7,1063.4,8792.4,3161.2,1547.7,756.5,934.6,1303,1068.4,8771.1
164,1995-03-01 00:00:00,3244.4,1533.7,702.4,811.2,1266.3,1098.9,8656.9,3177.3,1562.1,760.7,946.2,1309.5,1086.5,8842.2,3191.9,1568.5,762.1,942.3,1314.9,1079.7,8856.5
165,1995-04-01 00:00:00,3151,1420.6,755.9,906,1213.2,1067.8,8514.5,3219.6,1581.5,788,965.2,1327.1,1091.7,8973.2,3224,1585.6,767.4,950.3,1329.1,1089.8,8944.5
166,1995-05-01 00:00:00,3200,1576.3,766,927.2,1307.7,1083.3,8860.4,3268.8,1595.5,748.4,943.9,1351,1108.3,9015.9,3254.9,1600.2,767.8,955.9,1345.3,1099.8,9025.8
167,1995-06-01 00:00:00,3179.6,1607.5,761.4,906.8,1267.7,1045,8767.9,3284.1,1646.4,774.6,955.6,1360.1,1100.8,9121.7,3282.9,1613.6,769.7,957.9,1360.5,1108.1,9093
168,1995-07-01 00:00:00,3212,1545.7,726.7,880.6,1302.7,1094.4,8762.1,3306.5,1614.6,761.7,953.6,1375.4,1115.1,9126.8,3312.5,1620.9,768.9,957.3,1372.7,1116.3,9149
169,1995-08-01 00:00:00,3342.3,1550.8,727.6,873.9,1360,1109.7,8964.4,3339.5,1606.1,776.3,985.7,1382.1,1120.2,9209.9,3341,1623.3,771.7,956.5,1382,1125.3,9198.9
170,1995-09-01 00:00:00,3301.7,1583,751.6,856.8,1377.1,1126.1,8996.2,3360.1,1633.5,781.4,930.9,1402.2,1138.9,9247,3365.8,1621,773.9,957.6,1387.8,1137.5,9245.2
171,1995-10-01 00:00:00,3369.8,1622.6,769.4,920.6,1365.9,1166.5,9214.9,3390,1616.1,772.4,962.6,1378.9,1150.8,9270.7,3389.2,1620.2,778.6,960.1,1390.9,1149.5,9287.2
172,1995-11-01 00:00:00,3485.3,1705.5,813.6,1067.4,1461.4,1194.3,9727.5,3417.8,1606.3,777,950.5,1377.1,1163.4,9292.2,3402.1,1618,783.3,963.4,1393,1161.2,9324.7
173,1995-12-01 00:00:00,3996.9,2212.4,1156.5,1857.2,1987.4,1314.7,12525,3437.3,1639.3,789.1,977.2,1409.7,1167.7,9420.2,3413.5,1619.5,785.1,966.5,1392.9,1171.3,9354.2
174,1996-01-01 00:00:00,3357.2,1580.7,754.8,833.1,1345.6,1213.1,9084.7,3390.6,1616,792.6,985.5,1415.6,1183.5,9383.7,3422.8,1624.2,788,969.1,1394.3,1176.5,9376.6
175,1996-02-01 00:00:00,3339,1485.5,662.9,737.1,1279.6,1128,8632.1,3432.7,1621.7,786.6,965.3,1395.8,1176.3,9378.3,3432.8,1627.2,787,970.5,1395.1,1180.1,9396.9
176,1996-03-01 00:00:00,3468.7,1582.6,717.6,812,1313.2,1180,9074.2,3437.1,1643.3,789.5,960.4,1388.4,1174.5,9393.2,3446.2,1638,788.3,971.2,1395.4,1180.2,9423.2
177,1996-04-01 00:00:00,3346.5,1498.9,758.2,895.2,1278.4,1169.3,8946.5,3463.5,1645.4,789.6,970.1,1390,1196,9454.5,3463.6,1654,789.3,971.3,1395.8,1179.3,9455.2
178,1996-05-01 00:00:00,3515.8,1644.5,807.1,962.8,1359.2,1145.7,9435.2,3489.8,1655.5,778.6,969.2,1395.7,1155.6,9444.4,3486.1,1672.6,789.7,971.3,1394.3,1172.6,9487.5
179,1996-06-01 00:00:00,3329.3,1610.9,755.8,908.6,1289.5,1109,9003.1,3515.8,1693,791.1,976.9,1408.7,1177.4,9563.1,3506.2,1688.7,791,969.6,1391.9,1167.1,9512.4
180,1996-07-01 00:00:00,3433.3,1695,777.9,908,1338.8,1138.1,9291.1,3528.5,1734.9,803.8,974,1384.6,1153.5,9579.2,3522.8,1698.7,792.2,966.8,1388.9,1154.4,9523.2
181,1996-08-01 00:00:00,3577.3,1664.9,746.1,888.9,1363.3,1145.7,9386.1,3525.8,1718.1,793.4,971,1388.3,1147.4,9543.9,3535.4,1704.6,790,962.4,1384.3,1140.7,9517
182,1996-09-01 00:00:00,3377.2,1583.8,739.9,833.7,1317.4,1104.9,8956.8,3552,1665.3,786,948.7,1367.4,1129.5,9448.8,3546.5,1702.6,789.2,959.3,1382.2,1127.8,9507.1
183,1996-10-01 00:00:00,3648.3,1740.4,806.1,933.7,1404.8,1142.2,9675.6,3553.2,1705,787.8,938,1386.9,1112.4,9483.3,3557.9,1702.9,788,961.1,1384.6,1119.4,9512.9
184,1996-11-01 00:00:00,3649.2,1798.7,808,1081.6,1463.1,1129.4,9930.1,3578.6,1701.7,774.2,973.2,1388,1107.4,9523.1,3572.1,1702.2,786.6,967.1,1391.1,1116.6,9540.8
185,1996-12-01 00:00:00,4034.4,2296.1,1148.8,1837.6,1975.8,1230.8,12523.5,3565,1716.9,788.9,982.2,1409,1107.6,9569.5,3587,1705.2,788.1,975.3,1402.3,1121.2,9588.3
186,1997-01-01 00:00:00,3688.2,1686,777.1,840.9,1344.2,1180.1,9516.5,3613.2,1699.9,802.7,972.4,1402.2,1143.4,9633.8,3603.7,1711.6,789.7,981.1,1414.8,1131.3,9644.4
187,1997-02-01 00:00:00,3363,1576.9,639.8,727.4,1269.3,1059.5,8636,3621.4,1782.5,791.1,1014.8,1440.8,1152.3,9803,3614.8,1718.5,792.8,982,1428.8,1143.8,9694.6
188,1997-03-01 00:00:00,3676.9,1608.8,700.9,857.9,1332.5,1148,9325,3648.7,1738.9,793.7,980.8,1444.7,1158,9764.8,3626.3,1723.1,795.7,977.6,1440.7,1155.9,9731.8
189,1997-04-01 00:00:00,3480.1,1610.8,775.5,849,1364.4,1141.3,9221.1,3601.3,1709,786.2,942.8,1447.8,1155.4,9642.5,3633.9,1727.5,798.3,971.7,1452.6,1165.2,9759.4
190,1997-05-01 00:00:00,3682.6,1712.9,845.3,994.8,1413.2,1170.3,9819.1,3644.8,1742.4,818,983.2,1462.7,1174.2,9825.3,3640.5,1730.7,800.9,969.1,1463.2,1170.8,9785.2
191,1997-06-01 00:00:00,3414.8,1664.3,749.4,830.2,1344.5,1113.5,9116.7,3668.5,1736.3,797.5,940.5,1471,1179.5,9793.3,3646.8,1732.4,801.9,972.3,1472.3,1174.6,9816.4
192,1997-07-01 00:00:00,3652.3,1698,791.7,971.1,1441.7,1164.6,9719.3,3679.4,1736.1,806.9,1000.9,1481.8,1172.7,9877.8,3694.3,1734.5,804.7,979.4,1482.1,1177.2,9856.9
193,1997-08-01 00:00:00,3669,1662.9,740.1,836,1443.5,1173.3,9524.8,3703.6,1731.9,802.2,980,1490.3,1186.7,9894.7,3708.8,1737.6,809.1,988.3,1489.2,1178.6,9906.8
194,1997-09-01 00:00:00,3585.7,1678.9,777.5,939.1,1461.3,1154.1,9596.6,3730.1,1740.3,811.9,1018,1497.5,1172.7,9970.5,3730.7,1747.2,815.6,996.6,1494.3,1176.5,9960.1
195,1997-10-01 00:00:00,3879.4,1811.1,841.7,976.9,1523.2,1204.8,10237,3743.2,1754.6,820.8,998.1,1497.5,1163.6,9977.9,3752.7,1758.8,820.3,1001.1,1497.3,1173,10006.4
196,1997-11-01 00:00:00,3794,1835.5,863.6,1111.3,1552.9,1183.7,10340.9,3784,1777.2,837.6,995.5,1499.8,1174.6,10068.6,3775.1,1775.9,827,1002.9,1499.8,1168.2,10042.4
197,1997-12-01 00:00:00,4339.8,2418.4,1231.1,1879.1,2143.1,1306.7,13318.2,3790.8,1789.8,832.1,989.2,1496.9,1173.4,10072.2,3792.1,1793.2,830,1004.8,1501.1,1161.6,10068.7
198,1998-01-01 00:00:00,3973.8,1724.9,803.2,917.3,1437.6,1185.9,10042.7,3870.9,1742.6,829,1026.4,1507.8,1152.3,10129.1,3842.7,1726.7,834.1,1004.4,1502.8,1156.4,10082.5
199,1998-02-01 00:00:00,3571.6,1531.3,681,716.2,1322.4,1050,8872.4,3850.1,1730.4,844.6,1002.5,1504.2,1145.3,10077.1,3852.9,1737.1,839.6,1003.6,1503.8,1151.3,10091.6
200,1998-03-01 00:00:00,3799.6,1660,749.7,822.9,1402.3,1141.1,9575.7,3850.7,1739.5,833,992.1,1497.7,1148.5,10061.5,3866.3,1737.4,847.2,1003,1505.2,1154.1,10103.9
201,1998-04-01 00:00:00,3832.3,1602,829.8,970.1,1415.8,1106.7,9756.6,3858.7,1746.9,856.2,1022.5,1515.4,1119.8,10119.4,3884.1,1734.6,856.6,1004.2,1506.2,1128.6,10126.6
202,1998-05-01 00:00:00,3882.4,1677,894,970.2,1432.9,1144.2,10000.6,3914.8,1726.8,877,1002.7,1502.3,1153.3,10176.7,3904.9,1735.1,871.6,1006.6,1510.8,1137.1,10164.9
203,1998-06-01 00:00:00,3705.2,1668.8,835,849.4,1409.5,1088.2,9556.1,3958.6,1726.5,879.6,954.6,1523.3,1147.5,10190,3933.2,1730.2,883.2,1011,1516.2,1147.6,10220.3
204,1998-07-01 00:00:00,3951.3,1699.6,888.2,1042.3,1481.7,1162.2,10225.4,3941.7,1717.7,903.2,1079.2,1514.4,1157,10313.2,3960.8,1725,894.3,1015.4,1522,1158.1,10276.3
205,1998-08-01 00:00:00,3888.9,1649.9,822.5,869.9,1459.4,1144.8,9835.4,3988.9,1729.3,903.3,1014.4,1520.4,1162.2,10318.5,3987.1,1723.3,901.9,1019.8,1528.7,1168.6,10326.1
206,1998-09-01 00:00:00,3897.8,1685,869.3,939.4,1518.7,1149.5,10059.8,4015,1734,901.1,1019.8,1549.5,1168.4,10387.8,4009.4,1723,902.2,1023.9,1533.6,1177.2,10369.9
207,1998-10-01 00:00:00,4213.3,1783.6,928.8,1021.3,1567.9,1258.6,10773.4,4050.8,1734.9,906.5,1014.8,1551.3,1215.2,10473.6,4033.4,1724.4,902.6,1029.2,1540.6,1186,10416.3
208,1998-11-01 00:00:00,4003.3,1776,925.5,1137.7,1599.4,1200.8,10642.7,4050.8,1706.1,901.4,1039.9,1545.6,1191.4,10435.2,4056.7,1740.4,902,1035.3,1547.4,1193.1,10473.6
209,1998-12-01 00:00:00,4690.1,2323.2,1348.5,1975.7,2189.7,1310.2,13837.5,4025,1738.9,898.5,1013.6,1522.8,1173.3,10372,4087.3,1756,906.1,1041.2,1555.4,1199.4,10545.7
210,1999-01-01 00:00:00,4218.6,1775.4,866.6,942,1490.5,1244,10537.1,4164.9,1798.2,906.5,1092.9,1583.3,1222.6,10768.4,4118.8,1778.3,910.7,1045.9,1569.1,1214.7,10630.7
211,1999-02-01 00:00:00,3844.3,1597.2,736.7,738.4,1389.2,1124.4,9430.1,4147.3,1805,916.5,1036,1583.9,1229.7,10718.2,4143.9,1803.8,923.9,1047.5,1582.5,1228.5,10716
212,1999-03-01 00:00:00,4250.9,1733.6,864.4,903.2,1542.5,1245.4,10540,4191.3,1780.7,940.2,1054.4,1598.6,1234.9,10800.1,4164.8,1820.9,934,1044,1595.5,1242.3,10787.6
213,1999-04-01 00:00:00,4091.1,1681,930.6,953.2,1498.9,1236,10390.7,4162,1844.5,966.6,1025,1618.1,1253.8,10870,4181.6,1835.2,941.1,1039.8,1605,1254.8,10843.9
214,1999-05-01 00:00:00,4079,1764.5,937,1011.2,1517.9,1271.4,10581,4187.9,1843.3,928.8,1042.7,1606,1289.3,10898,4194.6,1844.8,946.4,1038.5,1614.3,1261.1,10888.9
215,1999-06-01 00:00:00,3961.9,1779,915.5,894.4,1505.8,1208,10264.8,4200.9,1836.3,957.9,1019.7,1615.7,1277.2,10907.7,4206.7,1855.9,954,1042.3,1621.6,1258.5,10934.5
216,1999-07-01 00:00:00,4239.4,1817.4,913.3,1054.5,1581,1219.2,10824.9,4217.6,1849.2,934.3,1054.9,1621.8,1212.3,10890.1,4221.9,1877,955.3,1050.7,1629.5,1256.6,10993.9
217,1999-08-01 00:00:00,4117.8,1830.7,888.6,899.5,1585.1,1233.6,10555.3,4253.4,1898.3,979.7,1074.2,1637.2,1250.7,11093.5,4243,1892.8,962.5,1060.8,1634.5,1259.4,11066
218,1999-09-01 00:00:00,4184,1894.3,939.6,1002.3,1627.4,1261.3,10908.9,4264.2,1946.8,973.4,1072.1,1661.7,1276.6,11194.9,4262.6,1915.8,969.2,1069,1638.4,1267.6,11131.3
219,1999-10-01 00:00:00,4373.6,2000.7,982.2,1043.7,1622.2,1314.4,11336.8,4271.3,1950.3,970.5,1075.5,1624.5,1274.6,11166.7,4283.1,1933.8,975.8,1073.6,1640.9,1276.8,11178.5
220,1999-11-01 00:00:00,4273,2037,1022.2,1207.2,1726.2,1318.3,11584,4302,1933.7,981.8,1072,1650.1,1309,11248.6,4298.6,1944.1,977.4,1074.1,1642.1,1284.7,11197
221,1999-12-01 00:00:00,5099.8,2568.3,1471.2,2069.6,2352.7,1455.3,15016.9,4324.6,1916.4,971.2,1070.9,1633.4,1284.6,11201.2,4309.6,1949,981.1,1072.5,1641.8,1291.4,11188.1
222,2000-01-01 00:00:00,4247.2,1924.7,903.4,924.9,1496.6,1297.4,10794.2,4251.8,1966.5,955.5,1070.5,1607.4,1290.8,11142.5,4251.3,1957.8,944.1,1071.5,1605.8,1292.9,11167.4
223,2000-02-01 00:00:00,4069.7,1813.6,764.5,798.2,1462.1,1206.7,10114.8,4252.9,1977.1,917.3,1081,1607.7,1282.2,11118.2,4253.7,1961.6,949.3,1072.3,1609.4,1294.9,11154.6
224,2000-03-01 00:00:00,4353.4,1919.9,877.4,901.9,1553,1324.6,10930.1,4249.3,1986.9,944.4,1054.8,1613.8,1306.9,11156.1,4259.7,1972.7,953.9,1075.6,1616.1,1293.8,11163.2
225,2000-04-01 00:00:00,4174.4,1769.8,905.7,1024.7,1482.8,1252.5,10609.9,4260.4,1956.7,951.6,1091.7,1622.4,1280.9,11163.7,4263.2,1982.9,958.3,1082.5,1623.6,1290.6,11194.1
226,2000-05-01 00:00:00,4161.7,1985.7,995.2,1052.3,1575.8,1282.1,11052.7,4261.3,2058.5,977.9,1096.7,1637.3,1296.7,11328.4,4272.5,1993.5,961,1093.4,1630.7,1292.6,11244.3
227,2000-06-01 00:00:00,4175.1,2346.3,1103.9,1165.5,1609.6,1274.7,11675.2,4346.8,2393.9,1147.2,1311.6,1716.7,1325.4,12241.6,4281.2,2004.3,964.4,1104.8,1639.4,1297.9,11304
228,2000-07-01 00:00:00,4221.2,1875.7,808.6,859.3,1522.5,1317.9,10605.2,4334.4,1946.5,853,885.3,1596.7,1327.5,10943.4,4372.1,2033.9,948.2,1119,1667.8,1343.1,11455.8
229,2000-08-01 00:00:00,4362.9,2013.1,853,1009.2,1623.6,1328.8,11190.6,4390,2062.5,925,1160.4,1644.8,1336.2,11518.8,4376.6,2047.3,950.7,1123.1,1673.9,1352.8,11506.9
230,2000-09-01 00:00:00,4315.6,2015.7,986.4,1054.6,1642.7,1432.4,11447.4,4388.1,2063.5,1018.6,1133.8,1684.6,1447.5,11736.2,4382.7,2059,955.2,1122.7,1678.7,1364.1,11557.1
231,2000-10-01 00:00:00,4384.7,2098.2,957.7,1070.4,1692.6,1460.8,11664.4,4378.9,2051.8,953.6,1116.3,1699.9,1426.6,11627.1,4395.2,2072.5,961,1121.1,1688.6,1382.5,11617.6
232,2000-11-01 00:00:00,4450.9,2213.3,1022.4,1232.5,1792.5,1416.3,12127.8,4390.6,2094.9,967.9,1079.1,1698.7,1398.6,11629.7,4418,2084.8,972.4,1121.2,1701.4,1401.5,11698.3
233,2000-12-01 00:00:00,5194.1,2776,1499.7,2177.5,2381.5,1538.6,15567.3,4480.4,2102,1001.7,1138.7,1685,1375.8,11783.5,4452.3,2101.5,984,1124.4,1718.5,1423.1,11801.3
234,2001-01-01 00:00:00,4486.2,2095.8,945.7,971.9,1641.7,1470.8,11612.2,4465.4,2113.2,988.5,1132.4,1737.9,1458.7,11896,4492.8,2116.7,992.9,1130.8,1735.4,1446.3,11918.1
235,2001-02-01 00:00:00,4221.3,1887.4,800.3,814.6,1563.5,1338,10625.2,4561.2,2140.5,994.3,1144.2,1785.7,1469.9,12095.8,4540.1,2134.4,1000.2,1139.9,1753.8,1460.5,12038
236,2001-03-01 00:00:00,4699.1,2063.2,945.4,1017.5,1694.1,1521.2,11940.5,4572.1,2148.4,1015,1162.2,1771.7,1507,12176.4,4580.3,2157.7,1009.2,1148.1,1770.2,1469.9,12149.8
237,2001-04-01 00:00:00,4497.1,1982.7,989.6,1039.2,1626.9,1441.3,11576.8,4639.9,2188.2,1051.2,1131.5,1773.5,1465.8,12250.2,4615.2,2182.5,1016.4,1150.1,1783.4,1477.8,12240.7
238,2001-05-01 00:00:00,4603,2118.3,1056.3,1123.5,1728.6,1446.1,12075.8,4646.1,2201.9,1035,1156.4,1784.6,1458.6,12282.6,4641.4,2207.8,1023.3,1145.9,1791.4,1480,12307.5
239,2001-06-01 00:00:00,4458.2,2205.1,989.3,1024.9,1674.2,1397.6,11749.3,4665,2263.2,1026.9,1144.7,1799.9,1466.1,12365.7,4669.3,2234.5,1027.1,1138.8,1794.6,1476.7,12356.8
240,2001-07-01 00:00:00,4532.8,2217.5,976.7,1100.8,1733.8,1477.4,12038.9,4676.9,2280.9,1038,1150,1806.9,1483.4,12436.1,4697.7,2256,1030.2,1134.1,1797.6,1474.8,12401.1
241,2001-08-01 00:00:00,4745.1,2253.1,947.1,963,1792.2,1504.6,12204.9,4725.2,2292.9,1025.1,1107.4,1802.8,1489.4,12442.8,4729.2,2279.2,1034,1134.2,1802.2,1472,12455.7
242,2001-09-01 00:00:00,4606.5,2188.7,985.1,1012.9,1718.8,1437.2,11949.3,4771.1,2273.4,1031.1,1115.2,1797.1,1474.2,12462.2,4766.3,2302.4,1042.1,1140.6,1808.3,1467.8,12529.8
243,2001-10-01 00:00:00,4863.1,2404.9,1079.5,1132,1829.9,1488.5,12797.9,4810.7,2330,1061,1163.3,1814.1,1447.8,12627,4806,2330.1,1055,1151.4,1817,1462.8,12621.3
244,2001-11-01 00:00:00,4941.5,2517.4,1128.2,1344.8,1944.2,1482.9,13359,4839.7,2349,1062.5,1176.3,1827.8,1449.4,12704.7,4847.2,2355.2,1070.9,1163,1828.2,1458.8,12721.9
245,2001-12-01 00:00:00,5543,3113.9,1616.1,2269.5,2589.6,1611.4,16743.5,4875.9,2388,1089.6,1193.6,1844,1459.5,12850.6,4882,2382.3,1087.6,1174.4,1844.7,1457,12827.6
246,2002-01-01 00:00:00,5044.6,2438.8,1072.6,1027.9,1769.9,1482.1,12836,4944.3,2454.1,1110.4,1172.6,1871.7,1465.8,13018.9,4908.8,2415.3,1101.5,1183,1864.3,1458.4,12932.7
247,2002-02-01 00:00:00,4559.4,2123.9,895.5,841.4,1642.5,1329.8,11392.4,4927.7,2416,1115.2,1178.5,1874.9,1462.3,12974.7,4932.1,2450.1,1109.6,1188.5,1884.5,1465.4,13028.5
248,2002-03-01 00:00:00,5098.2,2296.4,1016.1,1043.9,1795,1478.9,12728.5,4952.3,2445.4,1112.8,1184.3,1901.1,1473.5,13069.4,4953.1,2482.8,1110.9,1191.3,1900.8,1472.8,13112.4
249,2002-04-01 00:00:00,4747.6,2336,1058.2,1075.3,1778.3,1460.4,12455.8,4945,2525,1103.8,1189.3,1922.3,1487.2,13172.6,4978.9,2510.3,1107.7,1193.4,1918.8,1483.6,13190.4
250,2002-05-01 00:00:00,5028.5,2478.6,1139.2,1190.9,1898.8,1481.9,13217.9,5026.9,2567.8,1120.3,1240.1,1950,1476.8,13381.9,5005.7,2530.2,1103,1193.7,1931.1,1494.9,13261.2
251,2002-06-01 00:00:00,4716.1,2475,1029.5,1143,1762.1,1424.9,12550.6,5024.1,2566,1077.4,1165.7,1925.5,1513.7,13272.4,5037.9,2543.5,1101.6,1193.7,1941.1,1507.1,13325.7
252,2002-07-01 00:00:00,4971.5,2465.3,1033.3,1075.7,1870.2,1527.3,12943.3,5080,2520.7,1095.2,1200,1927.9,1527.3,13351.1,5068.9,2551.3,1109.6,1196.8,1946.2,1515.8,13388.6
253,2002-08-01 00:00:00,5145.5,2501.2,1050.6,1065.9,1946.9,1551.6,13261.7,5100.5,2546.8,1134.6,1190.5,1975.7,1537.2,13485.3,5104.5,2553.4,1121.3,1205.3,1945.4,1524.9,13452.5
254,2002-09-01 00:00:00,4912.5,2460.6,1079,1060.1,1880.9,1495.1,12888.3,5143.5,2547.4,1136.2,1209.8,1960.4,1528.5,13525.8,5135.6,2551.9,1134.9,1219.3,1946.4,1530.2,13517.1
255,2002-10-01 00:00:00,5283.5,2635.3,1170,1211.4,1942,1556.6,13798.9,5152.8,2543.7,1137.1,1219.5,1916,1505.1,13474.3,5164.5,2550.7,1146.8,1235.8,1945.9,1535.3,13581.8
256,2002-11-01 00:00:00,5300.6,2752.9,1250.2,1495.1,2047.7,1571.9,14418.4,5213.3,2574.9,1178,1303.2,1939.7,1547.3,13756.4,5191.3,2551.9,1155.4,1251.7,1946.6,1544.7,13642.2
257,2002-12-01 00:00:00,5862.1,3366.1,1730.9,2338.6,2769.7,1734,17801.4,5193.3,2570.1,1170.8,1265.3,1953.3,1571.4,13724.1,5218.5,2551.5,1160.2,1263.6,1948.8,1555.6,13698.5
258,2003-01-01 00:00:00,5402.8,2528.5,1108.8,1099.3,1876.5,1620.4,13636.3,5243.3,2533.6,1145.6,1256.1,1976.9,1587.3,13742.8,5234.4,2553.7,1163.6,1270.4,1958.8,1568.6,13750.1
259,2003-02-01 00:00:00,4861,2231.8,925,900.5,1727.3,1421.8,12067.5,5255.7,2546.1,1152.7,1255.3,1971.9,1565,13746.6,5254.5,2561.3,1166.9,1274.1,1967.9,1583.2,13806.4
260,2003-03-01 00:00:00,5280.2,2430.7,1072.8,1092.7,1839.2,1574.2,13289.7,5284.3,2574.8,1167.2,1280.5,1953.9,1583.4,13844.2,5268.6,2578.8,1172.6,1275.8,1981.9,1597.8,13871.5
261,2003-04-01 00:00:00,5171.5,2368.9,1144.4,1222.4,1851.6,1589.1,13347.9,5263.3,2605.7,1208.7,1296.1,2004.1,1617.4,13995.3,5276.4,2605.8,1176.7,1277.5,1997.6,1614.7,13948.8
262,2003-05-01 00:00:00,5316.3,2539.9,1188.2,1237.1,1958.4,1657.4,13897.3,5309.2,2643.1,1171.2,1279.1,2030,1659.9,14092.6,5286.9,2641.8,1180.3,1280.3,2018.8,1636.3,14042.8
263,2003-06-01 00:00:00,4895.4,2595.6,1130.4,1237.9,1870.4,1554.2,13284,5258.7,2678.8,1185,1282.9,2029.5,1640.2,14075.2,5295,2681,1186.8,1285.7,2044.7,1660.9,14158.4
264,2003-07-01 00:00:00,5296.9,2675.1,1130.1,1182,2021.9,1699.4,14005.4,5335.5,2729.5,1190.5,1278.6,2078.5,1692,14304.5,5317.9,2716.1,1193.6,1292.5,2075.2,1692.9,14288.3
265,2003-08-01 00:00:00,5286.8,2665.2,1097.2,1101.2,2045.1,1737.8,13933.3,5335.8,2735,1196.2,1295.6,2101.9,1732,14396.6,5345.8,2744.5,1203.3,1301.1,2106.9,1724.4,14430.2
266,2003-09-01 00:00:00,5192.1,2726.7,1166.3,1198.2,2063.2,1709.4,14055.9,5386.9,2785.7,1209.3,1311.8,2134.2,1750.8,14578.7,5380.3,2765.8,1215,1311,2132.4,1757.5,14576
267,2003-10-01 00:00:00,5583.9,2903.8,1270.2,1316.1,2236.2,1878.4,15188.7,5402.7,2783.4,1232.1,1336.5,2188.8,1790.3,14734,5423.9,2779.1,1229.6,1319.7,2188.2,1791.1,14716.8
268,2003-11-01 00:00:00,5498.8,2948.3,1319.3,1528.2,2322,1838.4,15455,5483.1,2784.6,1252.1,1342.2,2228.9,1825.1,14916,5468.5,2795,1239.3,1324.9,2196.2,1822.5,14839.7
269,2003-12-01 00:00:00,6269.7,3650.5,1854.6,2424.2,3137.1,2048.3,19384.4,5499.6,2781.4,1251.7,1306.7,2199.4,1846.8,14885.7,5513.6,2807.8,1244.7,1326.7,2193.2,1847.8,14934
270,2004-01-01 00:00:00,5769.9,2829.9,1217,1182.9,2039.8,1895.2,14934.7,5587.6,2831.4,1248.8,1324,2165.8,1871.9,15029.5,5552.7,2819.7,1247.6,1328,2187.5,1866.8,15003.9
271,2004-02-01 00:00:00,5311.8,2545.4,1033.1,989.8,1942.6,1765.8,13588.5,5589.1,2825.9,1250.9,1338.3,2151,1883.6,15038.8,5590.4,2830.9,1250,1332,2180.3,1877.9,15062.8
272,2004-03-01 00:00:00,5602.4,2746.3,1130.9,1131.4,2117.1,1872.8,14600.9,5604,2891.5,1227.4,1327.1,2216,1883.2,15149.2,5622.9,2838.7,1248.2,1340.5,2179.7,1882.2,15114.6
273,2004-04-01 00:00:00,5627.7,2569.2,1190.7,1277.1,2013.5,1873.7,14552,5636.9,2819.9,1254.7,1354.5,2169.1,1880.9,15116,5651.9,2844.1,1259.9,1353.2,2186.8,1877.3,15171
274,2004-05-01 00:00:00,5542.3,2675.2,1265.6,1280.3,2075.5,1846.2,14685.1,5677,2827,1272.3,1371.4,2190.5,1870.1,15208.3,5678.8,2848.4,1272.1,1367.9,2200.4,1872.7,15236.8
275,2004-06-01 00:00:00,5406.3,2793.8,1261.2,1384.1,2075,1758.5,14679,5748.8,2855.1,1300.2,1383.1,2222.7,1857,15366.9,5697.4,2857.1,1284.6,1382,2216.6,1868.6,15308.1
276,2004-07-01 00:00:00,5722.7,2843.3,1233.3,1305.9,2171.6,1878.2,15154.9,5691.3,2884.8,1294.1,1395.5,2235.8,1853.9,15355.3,5711,2874.6,1291.3,1391.1,2229.9,1863.3,15375.1
277,2004-08-01 00:00:00,5569.3,2798.1,1185,1166.8,2162.3,1850.1,14731.7,5704.7,2875.3,1290.5,1389.5,2225.3,1862.3,15347.6,5719.8,2896.7,1294.5,1393.7,2244.3,1858.9,15426.5
278,2004-09-01 00:00:00,5622.8,2848,1272.5,1317.9,2221.4,1921.5,15204.1,5740.3,2924.9,1308.5,1408.7,2282.4,1949.1,15613.8,5728.7,2922.5,1294.9,1390.7,2251.5,1849.2,15455.9
279,2004-10-01 00:00:00,5819.7,3078.3,1324.9,1358.3,2273.3,1914.5,15769.1,5702.9,2970.6,1288.5,1392.8,2263.6,1840.1,15458.5,5727.3,2945.3,1295.3,1388.3,2253,1842.9,15470.3
280,2004-11-01 00:00:00,5753.4,3185.1,1349.9,1536.7,2352.9,1839.9,16017.9,5745.3,2976.6,1280.2,1378.3,2232.8,1821.8,15434.9,5732.3,2961.3,1297.5,1389.1,2250.7,1831.9,15473.7
281,2004-12-01 00:00:00,6753.1,3877.3,1915.2,2500.8,3209.8,2041.9,20298.1,5802.4,2940.3,1294.3,1342.1,2232.9,1816.9,15428.9,5732.7,2975.8,1300.7,1391.6,2245.6,1821,15471.7
282,2005-01-01 00:00:00,5710.3,2963.1,1273.7,1246.3,2074.7,1798.7,15066.7,5660,2996.2,1327.3,1417.6,2235.9,1802,15439.1,5745.8,2985.6,1306.9,1394.5,2235.9,1811.6,15472
283,2005-02-01 00:00:00,5336.4,2622.9,1055.6,1037.3,1979.9,1661.2,13693.5,5764.5,3001.2,1309.9,1427.9,2249.4,1830.5,15583.4,5754.4,2992.6,1311.4,1396.6,2232.3,1809,15480.9
284,2005-03-01 00:00:00,5936.5,2782.9,1210.4,1300.8,2117.9,1780.3,15128.9,5767.3,2998.2,1322.9,1434.6,2217.8,1798.3,15539.1,5775.5,3000.8,1318.7,1397.5,2227.6,1811.4,15506.8
285,2005-04-01 00:00:00,5710.9,2787.4,1221.3,1153.7,2060.3,1809,14742.6,5844.8,2994.1,1270.3,1264.5,2221.5,1811.8,15407,5808.4,3010.2,1322,1398.1,2220,1816.6,15550.1
286,2005-05-01 00:00:00,5661,2879.3,1308.9,1264.2,2098.2,1788.9,15000.6,5828,3030.3,1320.4,1385.6,2206.6,1820.4,15591.3,5851.5,3020.4,1323.2,1397.9,2211,1821.1,15601.5
287,2005-06-01 00:00:00,5582.8,2969.3,1310.1,1454.2,2074.5,1768.9,15159.8,5876.9,3031.1,1343.1,1420.7,2213.6,1846.8,15732.3,5899.2,3025.9,1327,1397.4,2197,1828.5,15658.2
288,2005-07-01 00:00:00,5888.5,2964.4,1237.2,1290.1,2090,1869,15339.3,5942.7,3022.2,1310,1401.1,2177.5,1852.1,15705.6,5945.5,3029.4,1328.6,1396.4,2182.5,1839.1,15713.3
289,2005-08-01 00:00:00,5929.6,2984.4,1235.8,1210.7,2125.1,1813.4,15299,6022.5,3053.4,1336,1410,2175.2,1813.5,15810.5,5980.8,3031.6,1331,1392.4,2168,1852.9,15760.4
290,2005-09-01 00:00:00,5931.4,2971,1315.5,1277.8,2094.3,1845.8,15436,6028.7,3028,1344.4,1388.7,2151.2,1862.7,15803.7,6009.2,3033.6,1334.1,1384.3,2160.4,1874.8,15799
291,2005-10-01 00:00:00,6100.1,3099.2,1368.8,1314.4,2142.3,1978.1,16002.8,6029.4,3013.9,1333.4,1356.5,2148,1912.1,15793.2,6033.9,3037.9,1332.3,1374.2,2160.8,1893.7,15833.4
292,2005-11-01 00:00:00,6071.2,3252.9,1400.9,1540.4,2290.4,1965,16520.8,6032.7,3044.2,1329.5,1364.3,2163.7,1937.1,15871.5,6052.7,3045.6,1332.5,1368.2,2169.2,1911.5,15880.4
293,2005-12-01 00:00:00,7083.5,4088.1,1958.3,2536,3136.2,2152.8,20955,6062.3,3081.7,1321.5,1355.6,2188.1,1925.4,15934.5,6080.5,3056.4,1335.4,1370.7,2184.6,1925.4,15953.3
294,2006-01-01 00:00:00,6113.6,3036,1289.2,1193.7,2068.4,1913.8,15614.7,6106.8,3061.3,1347.8,1370.3,2218.6,1938.2,16043.1,6115.7,3070.9,1338.7,1379.3,2204.6,1941.6,16051.8
295,2006-02-01 00:00:00,5704.1,2692.5,1084.3,1037.7,1962.4,1750.1,14231,6166.3,3089.4,1344.7,1425.3,2228.8,1929.3,16183.8,6161.8,3092.7,1344.1,1389.8,2226.4,1955.7,16168.9
296,2006-03-01 00:00:00,6335.1,2953.4,1242.8,1204.5,2149.1,1983.8,15868.7,6234.6,3110.6,1345.1,1382.5,2222.1,1967.7,16262.6,6211.8,3115.3,1350.6,1400.1,2246.1,1971.3,16294.4
297,2006-04-01 00:00:00,6139.3,2804.1,1290.5,1348.6,2070.2,1966.5,15619.2,6251.8,3124.7,1370.5,1429.9,2279.7,2000.5,16457,6257.5,3138.5,1359.7,1405.2,2263.7,1990.2,16412.4
298,2006-05-01 00:00:00,6133.3,3026.2,1349,1267.6,2177.8,2005.1,15959,6289.4,3186.1,1362.1,1376.3,2276.1,2029.7,16519.7,6295.2,3160.6,1369.1,1404,2276.7,2010.2,16517.5
299,2006-06-01 00:00:00,6071.6,3148.2,1346.9,1429,2167.3,1943.6,16106.6,6355.6,3179.7,1378.7,1411.7,2303.6,2016.1,16645.5,6333.2,3187,1380,1398.7,2287.6,2024.8,16610.7
300,2006-07-01 00:00:00,6197.4,3120.4,1304,1412,2161.5,2019.2,16214.5,6352.1,3220.9,1385.4,1404.5,2281.1,2032.7,16676.6,6365.5,3207.3,1392,1393.8,2295.6,2035.9,16692.6
301,2006-08-01 00:00:00,6368.5,3150.1,1324.9,1239.2,2275.9,2043.2,16401.9,6386.5,3200.3,1405.5,1404.3,2308.3,2038.3,16743.3,6400.2,3225.6,1401.9,1393,2302.6,2041.2,16765.9
302,2006-09-01 00:00:00,6296.9,3196.1,1384.2,1219.1,2213.6,2038.7,16348.7,6436.3,3261.8,1419.3,1341.1,2297.2,2060.3,16816,6439.1,3236.6,1409.4,1396.2,2307.3,2046,16835.7
303,2006-10-01 00:00:00,6567.2,3346.8,1464.3,1344.6,2319.4,2113.3,17155.7,6519.1,3256.8,1425.6,1422.3,2311.8,2054.9,16990.5,6480.5,3255.6,1413.7,1404.8,2311.6,2054.1,16917.3
304,2006-11-01 00:00:00,6614.2,3494,1486.1,1623.3,2473.4,2109.4,17800.4,6495.9,3283.5,1407.1,1430.7,2326,2058.2,17001.5,6519.7,3280.7,1418.8,1418.9,2317.6,2066.2,17022.3
305,2006-12-01 00:00:00,7569.8,4301.3,2056.6,2611.1,3306.8,2297.3,22142.8,6551.9,3254.9,1412.2,1442.2,2329.2,2059.3,17049.6,6565.9,3312.1,1421,1434.5,2322.6,2086.5,17142.8
306,2007-01-01 00:00:00,6638.4,3332.3,1354.6,1267.3,2165.5,2097.1,16855.2,6609.7,3348.2,1420.1,1433.5,2307.5,2117.8,17236.7,6611.4,3347.7,1428.1,1449.1,2325.9,2108.3,17266.9
307,2007-02-01 00:00:00,6172.9,2963.4,1165,1047,2044,1939,15331.4,6674.6,3413.7,1442.7,1448.1,2323,2138.3,17440.4,6656.2,3375.5,1435.5,1458.9,2324,2133.3,17384.6
308,2007-03-01 00:00:00,6863,3283.3,1368.3,1331.6,2279.5,2191.9,17317.7,6707.7,3444.8,1465.2,1517.1,2354.8,2174.9,17664.6,6706.9,3392.6,1444.9,1463.8,2322.9,2156.9,17491.7
309,2007-04-01 00:00:00,6600,3010.1,1359.1,1302.6,2108.5,2134,16514.4,6765.9,3379.3,1456.3,1434.5,2329.1,2176.9,17542,6759.4,3408.1,1455.3,1465.9,2328,2177.3,17592.8
310,2007-05-01 00:00:00,6691.7,3239.8,1430.3,1365.1,2228.1,2145.5,17100.4,6793.8,3397.9,1416.8,1459.8,2305.1,2170.2,17543.6,6814.7,3418.6,1464.1,1468.7,2337.5,2191.3,17695
311,2007-06-01 00:00:00,6518,3399,1461.5,1491.5,2180.3,2133.8,17184.1,6863.7,3419.6,1503.3,1480.6,2338.6,2212.2,17818,6877.1,3429.2,1480.8,1472.2,2356.1,2199.8,17805.8
312,2007-07-01 00:00:00,6751.1,3333.5,1427.6,1462.3,2284.2,2178.4,17437,6945.5,3432,1510.8,1471.2,2397,2202.7,17959.1,6931.3,3448.3,1492.2,1477.5,2378.4,2204.4,17933.7
313,2007-08-01 00:00:00,7001.1,3433.6,1406.8,1315.5,2386.6,2257.9,17801.5,6968.9,3476.4,1498.4,1488.4,2414.5,2216,18062.7,6988.6,3473.6,1503.8,1485.7,2408,2208.8,18075.3
314,2007-09-01 00:00:00,6847.4,3443.2,1459.1,1353.3,2321,2179.5,17603.5,7067.4,3544,1498.5,1497.2,2433.2,2218.8,18259.2,7027.3,3500.6,1512.6,1497,2433.8,2211.7,18210.1
315,2007-10-01 00:00:00,7144.7,3591.4,1561.1,1440.6,2535.3,2257.3,18530.4,7068.6,3494.5,1525.2,1507.4,2517,2183.7,18296.6,7063.8,3521.3,1520.3,1508.2,2510.5,2212.2,18316.2
316,2007-11-01 00:00:00,7250,3774.4,1617.8,1687.9,2692.3,2284.6,19307.1,7071.9,3529.7,1533.9,1515,2525.9,2224.8,18401.2,7083.5,3530.5,1521.1,1517.4,2533.2,2211.5,18384.2
317,2007-12-01 00:00:00,8154.3,4684.7,2204.2,2747,3582.4,2461.1,23833.7,7108.2,3550.5,1520,1526.2,2545.4,2222.8,18473.1,7090.9,3530.6,1523.4,1525.4,2548.2,2208.2,18427
318,2008-01-01 00:00:00,7206.3,3535.1,1461.1,1397.8,2437.1,2163.5,18201,7099,3531.8,1512.3,1539.2,2568.1,2184.1,18434.4,7100.7,3527.4,1522.7,1530.5,2559.1,2201.6,18449
319,2008-02-01 00:00:00,6787.8,3142.9,1278.1,1140.5,2355.5,2086.7,16791.4,7064.9,3498,1526.9,1537.5,2572,2208.7,18408.2,7114.4,3523.6,1519.9,1533.9,2569.9,2194.2,18457.1
320,2008-03-01 00:00:00,7315.8,3212.5,1353.9,1351.7,2414.5,2159.4,17807.9,7179.2,3521.7,1503.7,1515.5,2573.8,2179.2,18473,7129.6,3517.8,1516.1,1535,2579.6,2189.7,18465.4
321,2008-04-01 00:00:00,6882.6,3238.4,1486.7,1396.6,2390.5,2148.2,17543,7142.2,3507.3,1541.9,1551.4,2576.6,2179.5,18498.9,7167,3510.2,1514.8,1533.7,2586.5,2185.1,18479
322,2008-05-01 00:00:00,7163.6,3349.2,1541.9,1421.1,2530.9,2176.7,18183.5,7196.2,3503.4,1511.5,1516.8,2609.8,2183.7,18521.5,7208.4,3504,1508.9,1530.6,2588.3,2180.6,18497.4
323,2008-06-01 00:00:00,6761.8,3443.7,1402.5,1401.6,2378.4,2089.9,17477.9,7220.2,3502,1465.9,1429,2585.1,2190.6,18392.9,7249.1,3493.4,1505.9,1525.5,2587.5,2177.8,18519.7
324,2008-07-01 00:00:00,7240.5,3413.8,1460.4,1582.3,2521.7,2172.6,18391.2,7354.7,3493.6,1521.5,1543.3,2588.7,2179.6,18681.5,7295.3,3476.6,1506.9,1519.9,2592.4,2176.3,18544.8
325,2008-08-01 00:00:00,7355.4,3411,1419.4,1268.4,2540,2204,18198.2,7380.2,3457.6,1521.8,1469.7,2600.6,2173.1,18603.1,7339.2,3453.8,1508.9,1514.9,2595,2176.7,18575.1
326,2008-09-01 00:00:00,7095.7,3327.8,1468.3,1383.3,2485.9,2124.2,17885.2,7330.9,3407.3,1512.3,1534.1,2574.7,2161.2,18520.6,7378.3,3432.3,1512.5,1509.8,2605,2181.9,18620.1
327,2008-10-01 00:00:00,7642.8,3530.5,1547.4,1452.4,2668.9,2302.4,19144.5,7446,3431.8,1503.9,1501.3,2621.6,2199.9,18704.6,7482.4,3415.2,1516.5,1504.9,2609.7,2192.9,18690.6
328,2008-11-01 00:00:00,7630.1,3595.6,1594.1,1675.9,2740,2242.8,19478.5,7522.4,3388.5,1525.8,1491.1,2624.9,2208.5,18761.3,7541.7,3411.3,1523.4,1500.8,2629.1,2210.7,18787.7
329,2008-12-01 00:00:00,8784.9,4908.6,2308.7,2886.1,3816.6,2479.4,25184.3,7694.5,3676.6,1593.4,1616.4,2703.8,2245.9,19530.6,7604.1,3416.7,1531,1498.4,2649.9,2235,18905.8
330,2009-01-01 00:00:00,7985.3,3560.7,1543.2,1451,2525.9,2318.3,19384.5,7770.7,3548.6,1587.8,1583.9,2657.4,2317.1,19465.4,7663.2,3431,1540.1,1498,2667,2264.2,19033.4
331,2009-02-01 00:00:00,7151.3,2968.2,1259.1,1056.6,2349.1,2069.5,16853.8,7751.3,3455.1,1563.9,1471.4,2674.2,2296.2,19212.1,7720.5,3450.6,1549.1,1498.3,2684.8,2292.2,19157.3
332,2009-03-01 00:00:00,7832.4,3301.6,1518.6,1386.9,2585.3,2303.2,18927.9,7874.5,3522.6,1661.6,1626.4,2718.1,2315.8,19718.9,7761.2,3470.7,1554.8,1501,2699.3,2317.3,19264.2
333,2009-04-01 00:00:00,7710.6,3203.9,1579.8,1509.1,2519,2326.9,18849.3,7799.7,3563.9,1682,1613,2714.5,2371.2,19744.2,7790.1,3490.7,1563.9,1506.6,2710.7,2340.7,19354.6
334,2009-05-01 00:00:00,7763.2,3379.7,1709.3,1519.4,2624.2,2401.7,19397.5,7897.1,3560.8,1690.1,1631,2742.8,2418.7,19940.4,7805.1,3502.9,1571.1,1513.1,2715.9,2363.5,19426.8
335,2009-06-01 00:00:00,7399.3,3620.6,1568,1500.5,2551.6,2263,18902.9,7912.8,3645.6,1631.2,1527.4,2734.8,2381.3,19833.1,7819.6,3509,1580.9,1522.2,2715.8,2384.1,19490.6
336,2009-07-01 00:00:00,7725.6,3452.3,1514.7,1570.7,2682.3,2415.1,19360.6,7799.5,3529.1,1599.9,1541.7,2731.7,2391,19592.9,7839.3,3512.2,1593.4,1532.2,2712.2,2404.4,19561.2
337,2009-08-01 00:00:00,7807.5,3467.7,1498.2,1341.5,2595.8,2446.1,19156.7,7858.2,3526,1614.4,1558.8,2673.9,2428.4,19659.6,7864.4,3516,1603.1,1542.6,2706.1,2430.2,19650.1
338,2009-09-01 00:00:00,7635.8,3406.1,1537.2,1399.9,2620.5,2430.7,19030.3,7898.6,3475.9,1598.3,1527.2,2694.2,2454.4,19648.6,7896.8,3524,1610.8,1553.5,2708.2,2461.5,19752.8
339,2009-10-01 00:00:00,8109.7,3641.4,1631.4,1534.3,2775.7,2602,20294.6,7860.5,3515.2,1594.9,1581.4,2710.3,2493.2,19755.6,7922.8,3530.9,1611.3,1564,2717.4,2496.1,19848.4
340,2009-11-01 00:00:00,8204,3787.3,1692.5,1736.6,2849.8,2569.9,20840.1,8033.2,3585.1,1660,1586.5,2735.1,2534.5,20134.4,7938.6,3536.1,1618.1,1570.8,2727.7,2528.1,19921.7
341,2009-12-01 00:00:00,9249,4706,2493.6,2795.1,3817.7,2897.1,25958.5,7982.7,3532.8,1591,1535.4,2758,2590.9,19990.8,7948.2,3543.8,1613.1,1572.2,2740.6,2551.9,19969.4
342,2010-01-01 00:00:00,8093.4,3561,1545.9,1469.1,2601.3,2521.3,19792,7956.3,3568.3,1625.9,1604.4,2759.4,2539,20053.3,7946.5,3551,1608.9,1568.3,2752.1,2563.2,19995.2
343,2010-02-01 00:00:00,7243.1,3052.5,1273.6,1111.9,2426.4,2323.9,17431.5,7858.5,3556.7,1590.3,1551.6,2752.3,2582.9,19892.4,7952.2,3557.9,1605.7,1561.6,2758.5,2577.3,20013.7
344,2010-03-01 00:00:00,8017.8,3322.8,1452.3,1379.9,2709.9,2607.5,19490.3,7918.7,3501.7,1597.7,1565.7,2763.6,2590.7,19938.2,7971,3565.3,1607.3,1553.5,2761.3,2590.6,20044.6
345,2010-04-01 00:00:00,7835.6,3213.8,1507.5,1389.7,2549.6,2535.8,19032,8052.2,3607.6,1611.7,1527.3,2764.5,2597.8,20161,7999.4,3569.3,1613,1547.7,2769.6,2608.4,20106.6
346,2010-05-01 00:00:00,7887.6,3360.1,1653.6,1427.2,2633.7,2571.4,19533.6,8066.3,3571.7,1633.1,1533.9,2773.4,2622.3,20200.7,8032.3,3571.4,1624.8,1545.2,2781,2642,20195.7
347,2010-06-01 00:00:00,7527.9,3591.7,1558.6,1551.4,2604.6,2504.9,19339.1,8066,3618.1,1622.6,1553.2,2786,2631.5,20277.3,8057.4,3567.9,1636.3,1545.5,2801,2674.9,20285
348,2010-07-01 00:00:00,8044.4,3480.7,1579,1581,2765.1,2781.3,20231.6,8086.2,3538,1652.7,1551.9,2805.2,2752.3,20386.2,8068,3564.6,1639.4,1546.8,2818.1,2708,20347.1
349,2010-08-01 00:00:00,7924.7,3497.8,1511,1324,2803.4,2800,19860.8,8052.6,3538.2,1645.7,1554.9,2878.5,2772.9,20442.8,8065.3,3563.4,1642.5,1547.8,2834.4,2722,20376.5
350,2010-09-01 00:00:00,7855.4,3476.1,1610.1,1422,2809.9,2742.8,19916.3,8044.1,3541.7,1666.7,1551.2,2868.6,2756.1,20428.4,8066,3568,1634.7,1546.6,2849.1,2716.8,20381
351,2010-10-01 00:00:00,8239.5,3692.1,1594.6,1464.9,2854.1,2730.2,20575.4,8077.5,3582.5,1591.9,1525.3,2836.5,2625.9,20239.6,8086,3571.8,1628,1542.9,2858,2694,20376.8
352,2010-11-01 00:00:00,8288.1,3831,1656.3,1705.5,2998.3,2684.4,21163.7,8113.2,3597.1,1613.3,1555.8,2848.3,2644.3,20371.9,8123.2,3573.6,1613.9,1538.4,2859.9,2671.5,20380.9
353,2010-12-01 00:00:00,9491.8,4839.5,2546.8,2752.4,3947.6,3021.1,26599.2,8124.2,3644.9,1624.5,1516.7,2857.8,2679.2,20447.4,8168.6,3570.1,1605.9,1536.8,2864.5,2655.8,20405.6
354,2011-01-01 00:00:00,8403.6,3458.3,1499,1412.6,2692,2598.2,20063.7,8275.2,3496.1,1575.8,1545.6,2896.3,2645.7,20434.5,8215.7,3571.5,1604.5,1537,2876.3,2645.3,20451.1
355,2011-02-01 00:00:00,7649.6,3065.6,1291.8,1117.5,2563.6,2391.3,18079.3,8297.9,3571.4,1623.7,1562.7,2910.8,2668.8,20635.3,8251.3,3567.5,1610.6,1536.6,2895.3,2642.9,20505.9
356,2011-03-01 00:00:00,8285,3365.1,1478.2,1321.6,2835,2648.9,19933.8,8255.6,3565.6,1616.7,1506.3,2924,2645.5,20513.7,8279.6,3567.4,1615.1,1534.3,2919.3,2645,20559.9
357,2011-04-01 00:00:00,8211.3,3253.1,1549.9,1472.6,2747.2,2598.9,19833,8291.9,3616.7,1640.9,1570.7,2964.4,2649,20733.7,8304.1,3568.4,1610.3,1529.3,2944,2646.8,20608.7
358,2011-05-01 00:00:00,8059,3391.7,1626.1,1408.9,2798.4,2604.1,19888.1,8311.5,3595.3,1615.1,1528.7,2953.3,2651.1,20655,8331.8,3573.6,1603.8,1521.5,2977,2651.7,20656.8
359,2011-06-01 00:00:00,7878.3,3531.3,1545.9,1471.9,2791.4,2519.5,19738.3,8333.6,3567.5,1589.5,1468.6,2981.8,2649.1,20590.1,8364.1,3584.1,1586.1,1512.1,3001.4,2665.2,20711.7
360,2011-07-01 00:00:00,8315.2,3463.3,1456.2,1532.5,2950.6,2701.9,20419.6,8429.5,3536.8,1553.1,1522.1,3058.3,2677.9,20777.8,8395.7,3598.7,1571.7,1502.4,3019,2682.4,20773.8
361,2011-08-01 00:00:00,8360.3,3578.6,1420.7,1293.5,2995.6,2739.6,20388.3,8462.8,3628.4,1548.1,1500.8,3047.6,2707.6,20895.5,8430,3619.8,1561.1,1494.6,3037.4,2699.4,20839.6
362,2011-09-01 00:00:00,8274.2,3613.9,1500,1345.7,2997.8,2744.3,20475.9,8438.4,3649.5,1550.2,1487.7,3037.2,2724.9,20887.8,8454.7,3640.6,1559.6,1489.6,3042,2713.6,20899.2
363,2011-10-01 00:00:00,8606.3,3769,1566.6,1404.7,3022.4,2814.4,21183.4,8452.3,3676.1,1575.9,1478.6,3042.8,2741.7,20967.5,8468,3651.3,1568.7,1488.8,3044.5,2723.7,20945.9
364,2011-11-01 00:00:00,8569.9,3920.7,1612,1660,3317.5,2784.2,21864.2,8510,3674.5,1577.9,1493,3019.1,2733,21007.5,8475.9,3649.7,1582.4,1491.5,3045.5,2732.6,20977.9
365,2011-12-01 00:00:00,9936,4867.7,2577.1,2730.5,4267.6,3046.6,27425.4,8478.3,3668.3,1614.3,1498,3075.8,2704.3,21039,8485.1,3631.4,1596,1494.5,3050.5,2739,20998.8
366,2012-01-01 00:00:00,8534.8,3540.6,1536.3,1362.4,2826,2729.5,20529.6,8478.8,3557.4,1622.5,1498.5,3044.1,2763.4,20964.7,8502.9,3606.1,1607.3,1502.4,3063.1,2753.6,21034.8
367,2012-02-01 00:00:00,8119.1,3144.9,1308.8,1131.7,2810.8,2556,19071.2,8514.4,3548.8,1595.4,1517.7,3079.5,2770.9,21026.7,8529.3,3585,1620.9,1514.4,3079,2777.7,21105.3
368,2012-03-01 00:00:00,8736.6,3396.4,1511.5,1349.2,3035.1,2839.3,20868.1,8582.3,3591.2,1629.4,1524.7,3101.6,2813.1,21242.4,8567.3,3578.1,1634.5,1526,3093.4,2809.8,21207.4
369,2012-04-01 00:00:00,8399.2,3180.4,1517.7,1391.2,2803,2737.4,20028.9,8610.6,3581.5,1640,1515.3,3099.5,2831.7,21278.6,8609.3,3590.1,1644.6,1534.8,3109.4,2843.1,21329.3
370,2012-05-01 00:00:00,8450.7,3435.8,1695.7,1456.9,2997.2,2836.7,20873.1,8637.9,3623.3,1657.7,1545.7,3112.5,2876.3,21453.4,8654.4,3611.7,1656.7,1539.1,3114.3,2873.3,21452.6
371,2012-06-01 00:00:00,8269.7,3579.5,1647.6,1616.4,2980.1,2784.8,20878.1,8729.4,3617.3,1685,1612.8,3154.6,2910.9,21710.1,8703.3,3637.3,1664.4,1538.5,3115.1,2892,21553.5
372,2012-07-01 00:00:00,8500.4,3601.1,1546.9,1423.4,2960.6,2932.2,20964.6,8746.3,3679.5,1675.4,1458.7,3093.7,2921.8,21575.4,8745.5,3652.8,1666.2,1534.3,3110.9,2905.8,21613.9
373,2012-08-01 00:00:00,8787.9,3627.1,1531.4,1359,3083.9,2962.7,21352,8765.2,3656,1659.2,1540,3082.2,2895.5,21598.2,8781.1,3655.8,1657.7,1527.3,3102.4,2905.9,21629.9
374,2012-09-01 00:00:00,8582.8,3639,1565.6,1367.8,2999.1,2885.9,21040.2,8812.6,3700.1,1639.6,1523.9,3112.7,2896.2,21685.2,8810.5,3649.8,1650.3,1520.4,3094.7,2899,21624.1
375,2012-10-01 00:00:00,8982,3725.3,1619.9,1442.6,3113.9,2966.7,21850.4,8873.7,3618.8,1636.6,1519.6,3085.2,2886.9,21620.8,8839.4,3641.9,1647.4,1517,3090.9,2887.8,21622.7
376,2012-11-01 00:00:00,9048.5,3851.4,1682.8,1672.9,3451.5,2973.1,22680.2,8860.3,3583,1632.5,1515.1,3093.1,2884.7,21568.7,8865.5,3638.1,1649.7,1518.1,3089.9,2880.9,21641.3
377,2012-12-01 00:00:00,10262.1,4760.2,2615.7,2753.3,4107.5,3177.5,27676.4,8843.3,3634.3,1660.6,1525.7,3077.4,2868.8,21610,8894.4,3643.2,1651.3,1521.7,3093.5,2879.3,21687.8
378,2013-01-01 00:00:00,9067.6,3669.1,1613.2,1397.4,2913.7,2849.6,21510.6,8933.8,3667.6,1667.8,1492.5,3104.8,2870.2,21736.6,8929.6,3651.9,1654.5,1526.4,3104.9,2888.5,21753
379,2013-02-01 00:00:00,8264.8,3201.1,1348.1,1113.6,2764.4,2607.7,19299.8,8974.7,3706.4,1698.1,1564.3,3128.5,2916.3,21988.3,8959.6,3658.7,1657.8,1528.2,3118,2899.9,21819.6
380,2013-03-01 00:00:00,9272,3393.1,1448.8,1397.3,2975.3,2924,21410.5,9022.3,3666.6,1608.7,1534.8,3111.4,2919,21862.9,8983.4,3668.3,1656.7,1526.3,3127,2911.6,21878.3
381,2013-04-01 00:00:00,8614.9,3320.2,1578,1339.1,2895.3,2853.5,20601.1,9007.9,3654.4,1661.4,1501.8,3134.1,2919.5,21879.2,9011,3675.7,1664.1,1519.3,3129.1,2926.6,21925.8
382,2013-05-01 00:00:00,8876.5,3456.3,1718,1441.9,3086.8,2901.5,21481,9009.3,3668.2,1682.5,1521.9,3180.5,2940.8,22003.3,9035.1,3681,1675.3,1510.8,3128.5,2939.2,21966.5
383,2013-06-01 00:00:00,8516.9,3602.2,1641.1,1537.4,2873.9,2813,20984.5,9026.7,3659.8,1688.8,1536.1,3110.7,2970.2,21992.3,9056.1,3687.4,1692.4,1504.4,3126.1,2951.1,22017.3
384,2013-07-01 00:00:00,8855.8,3642.3,1592.9,1390.6,3024.2,2968.4,21474.2,9096.3,3729.4,1712,1425.7,3116.2,2960,22039.6,9078.6,3695.8,1720.5,1502.4,3127.9,2968.4,22092.4
385,2013-08-01 00:00:00,9188.1,3726.1,1618.4,1337.2,3089.2,3065.1,22024,9131.3,3746.4,1744.3,1510.2,3086.7,2985.1,22204,9106.7,3706.3,1747.8,1505.9,3137.8,2990.7,22198.2
386,2013-09-01 00:00:00,8839.1,3624.9,1676.6,1359.4,3063.1,2988.7,21551.9,9143.4,3705.6,1783.9,1558.5,3168.4,2999,22358.7,9138.4,3714.1,1771.8,1513.7,3163.8,3026.8,22329.7
387,2013-10-01 00:00:00,9338.4,3844.8,1791.4,1463.3,3240.5,3175.4,22853.7,9157.7,3688.9,1794,1518.3,3198.5,3074.2,22431.6,9170.8,3729.1,1788.2,1519.5,3193,3071.2,22472.8
388,2013-11-01 00:00:00,9345.9,3997.8,1879.7,1668.9,3668.3,3210.8,23771.3,9157.9,3734,1823.9,1506.4,3279.4,3128,22629.6,9203.2,3750,1794.5,1521.8,3221.7,3118.9,22618.4
389,2013-12-01 00:00:00,10856.4,4963.8,2761.9,2725.5,4293.3,3536.8,29137.6,9414.5,3786.4,1762.2,1522,3223.9,3170.7,22879.8,9401.6,3781.8,1792,1520.2,3246.5,3166.4,22899.5
390,2014-01-01 00:00:00,9701.6,3810.6,1718.2,1451,3070.1,3209.1,22960.6,9506.7,3821.7,1772.5,1530.6,3238.8,3222.8,23093,9420.7,3815.1,1785,1514.1,3261,3204.6,22998.7
391,2014-02-01 00:00:00,8667.9,3362.4,1416.4,1064.9,2903.6,2879.9,20295,9418.5,3872.1,1791.1,1500.7,3291,3218.1,23091.5,9442.8,3846,1774.3,1507.8,3266.5,3231.4,23066.2
392,2014-03-01 00:00:00,9524.6,3627,1609.5,1293.2,3099.9,3232,22386.2,9451.2,3882.7,1768.4,1477.1,3260.6,3260,23100,9462.1,3868.9,1762,1504.7,3266.8,3249.4,23111.2
393,2014-04-01 00:00:00,9223.9,3460.9,1656.5,1442.9,3009.6,3182.1,21975.8,9457.9,3871.4,1758.7,1534.7,3272.9,3262.7,23158.2,9481.2,3883,1752.8,1502.9,3264.3,3258.4,23148.2
394,2014-05-01 00:00:00,9386,3653,1780.5,1411.8,3160.5,3228.3,22620.1,9495.4,3860.2,1731.5,1493.2,3261.6,3267.3,23109.2,9510.4,3894.8,1748.6,1501.4,3270.9,3265.9,23194.7
395,2014-06-01 00:00:00,8977.5,3844.1,1680.8,1461.6,3029.7,3067.5,22061.3,9566.9,3921.4,1742.5,1484,3268.2,3242.3,23225.2,9550.4,3903.7,1751.3,1501.5,3279.3,3274,23262
396,2014-07-01 00:00:00,9393.3,3878.1,1649,1501.6,3179.3,3315.8,22917.2,9603.2,3933.7,1752.2,1537.7,3275.7,3295.4,23397.9,9597.4,3915.6,1754.7,1503.1,3292.3,3283.8,23345.3
397,2014-08-01 00:00:00,9582.4,3846.1,1604.1,1254.2,3260.7,3350.7,22898.2,9645.4,3921.6,1772.6,1474.2,3324,3298.4,23436.2,9643.6,3926.5,1766.4,1506.7,3301.1,3292.9,23432.2
398,2014-09-01 00:00:00,9353.8,4033.2,1691.2,1356.4,3262.1,3360.4,23057.2,9672,4085,1784.3,1521.2,3310.5,3326.3,23699.4,9676.3,4098.9,1778,1510.9,3303.9,3303.9,23667.9
399,2014-10-01 00:00:00,9964.4,4278.7,1791.5,1478.7,3417.8,3401.6,24332.7,9707.4,4114.2,1800.9,1512.2,3344.6,3290.3,23769.6,9699.4,4111.1,1790.3,1515.9,3307.7,3314.9,23744.4
400,2014-11-01 00:00:00,9911.1,4421.3,1821,1687.7,3577.5,3374.9,24793.5,9743.9,4138,1784,1526.4,3267.9,3319,23779.3,9725.2,4124.5,1803,1521.5,3315.8,3327.8,23819.4
401,2014-12-01 00:00:00,11271.6,5357.5,2907,2756.9,4440.3,3692.7,30425.9,9736.5,4117.3,1828,1526.7,3304.4,3327.6,23840.4,9740.9,4140.8,1819.7,1526,3323.7,3340.9,23894.9
402,2015-01-01 00:00:00,9955.4,4157.9,1796.2,1471.2,3152.6,3391.3,23924.6,9722.8,4149.9,1830.2,1545.5,3333.5,3389.8,23971.6,9760.4,4160.2,1835.7,1528.1,3337.1,3354.9,23974.1
403,2015-02-01 00:00:00,9020,3682.4,1456.2,1053.8,2999.9,3027.5,21239.9,9807.9,4225.9,1836.7,1489.3,3398.7,3383.9,24142.4,9779.7,4180.7,1849.8,1527.6,3352,3363.2,24054.1
404,2015-03-01 00:00:00,9926.5,3983.5,1702,1367.2,3243.1,3361.9,23584.2,9795,4191.2,1873.8,1561.5,3373.3,3340.6,24135.5,9800.9,4199.3,1862.4,1527,3365.8,3374.8,24131.6
405,2015-04-01 00:00:00,9538,3713.9,1793.4,1442.2,3058.8,3266.5,22812.9,9815.2,4196.2,1905.1,1530.7,3355.3,3378.7,24181.2,9829,4221.1,1872.9,1529.4,3377.4,3382.1,24207.7
406,2015-05-01 00:00:00,9707.1,3976.9,1891.2,1428.7,3214.7,3314,23532.6,9866.4,4231.2,1878,1517.8,3370.9,3373.8,24238.2,9850.2,4244.2,1875.5,1534.7,3390.9,3390.8,24284.4
407,2015-06-01 00:00:00,9217.8,4319.2,1774.7,1480.9,3243.5,3257.5,23293.5,9887.8,4304.7,1820,1514.3,3434.4,3425.2,24386.3,9873.2,4268.7,1873.9,1543.2,3407.4,3397.9,24367
408,2015-07-01 00:00:00,9718,4186.1,1788.5,1540.9,3337.2,3445.3,24015.9,9883.3,4278.9,1896.1,1583.4,3401.9,3419,24462.6,9898,4295.6,1874.9,1553.4,3433.7,3403.2,24459
409,2015-08-01 00:00:00,9834.8,4159.8,1697.1,1331.9,3379.5,3421.1,23824.2,9918.6,4324.1,1882.9,1586.5,3455,3393,24560.1,9929.3,4323.2,1877.3,1564.4,3454.6,3410.5,24559.1
410,2015-09-01 00:00:00,9645.8,4273.9,1790.1,1400.1,3454.5,3444.4,24008.9,9941.2,4347.8,1895.4,1543.9,3507.5,3416.6,24652.4,9964.5,4347.1,1884.6,1574.9,3471.5,3412.6,24657.6
411,2015-10-01 00:00:00,10319.2,4567.9,1888.5,1566.3,3579.5,3525.8,25447.3,10015.6,4363.1,1888.2,1589.9,3500.9,3399.1,24756.8,9997.6,4365.9,1894.4,1584.4,3492.6,3414.9,24748.3
412,2015-11-01 00:00:00,10128.5,4692.8,1915.6,1730.5,3824.9,3491.3,25783.5,10040.9,4390.9,1891.1,1591.5,3490.2,3430.9,24835.5,10028.7,4383.3,1906.9,1590.4,3505.8,3419.7,24832.3
413,2015-12-01 00:00:00,11731.2,5735.9,3079.9,2913.6,4642.5,3819.9,31923,10070.2,4399.1,1918.1,1592.7,3484.5,3432.4,24897,10049.3,4398.3,1919.9,1593.5,3517,3427.9,24906.8
414,2016-01-01 00:00:00,10244.9,4376.7,1875.7,1519.2,3304.9,3431.8,24753.1,10051.8,4396.2,1940.1,1605.6,3554.5,3440.6,24988.8,10059.9,4408.3,1933.9,1594.9,3529.4,3441.9,24969.3
415,2016-02-01 00:00:00,9556.9,3979.6,1598.7,1155.8,3257,3186.9,22734.9,10048.6,4398.9,1956.9,1590.3,3550.7,3439.1,24984.3,10059.6,4409.9,1952,1594,3547.6,3449.3,25014.5
416,2016-03-01 00:00:00,10354,4097.4,1780.6,1451.5,3398.6,3435.2,24517.3,10084.5,4442.8,1973.9,1587.3,3558.7,3464.2,25111.4,10056.1,4402.2,1964.7,1589.1,3569,3462.2,25041.7
417,2016-04-01 00:00:00,9727.9,4064.9,1924.6,1451,3355.8,3451.7,23975.9,10028.9,4415,1981.2,1577.7,3585.3,3496.7,25084.8,10064.7,4384.9,1970.6,1581.1,3587.8,3479.2,25063.3
418,2016-05-01 00:00:00,9815.2,4092.5,1926.7,1449.7,3428.5,3431,24143.5,10085.9,4342.1,1937.9,1571.1,3609.2,3492.7,25038.9,10074.4,4371.4,1977.9,1572.2,3596.5,3501.5,25096.3
419,2016-06-01 00:00:00,9516.5,4357.3,1967.1,1596.1,3414.4,3313.9,24165.3,10099.8,4357.2,1998.9,1581.9,3609.5,3505.3,25152.6,10101.2,4372.6,1985.1,1562.2,3601.4,3529.8,25154.6
420,2016-07-01 00:00:00,9928.5,4225.1,1876.1,1468.3,3492.7,3573,24563.7,10102.4,4338.3,2002.9,1534.4,3616.5,3549,25143.6,10140.8,4390.7,1990,1552.2,3607.8,3559.5,25241.9
421,2016-08-01 00:00:00,10041.9,4239.4,1806.3,1293.9,3562.3,3647.5,24591.3,10207.2,4397.9,1994.5,1545.6,3581,3610.6,25336.8,10188.4,4422.9,1995.8,1543.9,3617.3,3586.4,25352.6
422,2016-09-01 00:00:00,10005.7,4469,1896.8,1393.5,3602.3,3696.3,25063.6,10259.5,4516.7,2009.9,1538.4,3627.4,3631.4,25583.2,10239.9,4461.2,2001.5,1538.6,3621.7,3606.7,25470.2
423,2016-10-01 00:00:00,10482.6,4696.8,1937.8,1497.4,3643.2,3716.6,25974.6,10267.4,4534.2,1986.8,1534.5,3629.5,3623.4,25575.8,10291.3,4489.3,2006.9,1535.7,3626.1,3620.5,25570.1
424,2016-11-01 00:00:00,10435.7,4874.4,2057.1,1684.3,4051.1,3678.5,26781.1,10354.3,4516.1,1985.4,1531,3653.2,3606.4,25646.2,10331.9,4496.9,2010,1536.4,3632.2,3625.9,25635
425,2016-12-01 00:00:00,12230.1,5782.3,3330.5,2850.4,4859.6,4047.3,33100.2,10367.8,4437.6,2049.4,1546.7,3652.4,3619.4,25673.4,10364.4,4486.8,2010.8,1540.8,3642.1,3627,25669
426,2017-01-01 00:00:00,10431.5,4463.5,1939.7,1428.5,3421.5,3621.4,25306.2,10388.7,4501.3,2038.4,1552.4,3620.5,3637.2,25738.4,10384.6,4472.3,2008.4,1547.7,3648.5,3627.8,25691.5
427,2017-02-01 00:00:00,9574.6,3897.6,1558.9,1092.4,3230.8,3260.6,22615,10415.1,4448.7,1974,1542.2,3639.8,3644.3,25663.9,10401.3,4468.4,2004.6,1554.8,3658.9,3637.9,25725.7
428,2017-03-01 00:00:00,10510.3,4196.9,1826.7,1370.3,3590.4,3619,25113.5,10380.6,4440.1,1981,1543.8,3693.1,3627.4,25666,10415.7,4480.5,2003.2,1559.7,3675.5,3649.1,25782.7
429,2017-04-01 00:00:00,10274.1,3994.9,1885.8,1522.6,3338.8,3567,24583.1,10426.6,4478.2,2014.6,1602.8,3697.6,3657.9,25877.6,10424.1,4502.4,2007,1559.9,3696.3,3661.4,25851.8
430,2017-05-01 00:00:00,10189.7,4291,2024.2,1452.4,3577.3,3598.6,25133.2,10454.6,4549.1,2012.7,1554.2,3715.5,3683.3,25969.4,10438.6,4524.1,2006.3,1556.4,3719.5,3672.1,25914.8
431,2017-06-01 00:00:00,9857.6,4659.4,1988.3,1557.2,3560.8,3544.2,25167.5,10459.9,4600.8,2004.8,1545.1,3723.1,3699.7,26033.4,10451.8,4530.4,2011,1551.5,3728.6,3681.5,25956.4
432,2017-07-01 00:00:00,10272.8,4365.1,1896.4,1445.5,3600.7,3698.1,25278.6,10474.2,4528.9,2040,1536.4,3752,3703.1,26034.5,10468.2,4522.6,2017,1547.8,3728.7,3689.5,25975.6
433,2017-08-01 00:00:00,10363.7,4347.3,1839.3,1303.1,3710.9,3711.2,25275.4,10452.4,4497.2,2016.4,1527.7,3748.5,3659.7,25901.9,10497.5,4504.2,2019.9,1546.2,3724.3,3694.6,25984.8
434,2017-09-01 00:00:00,10307.9,4384.6,1891.6,1407.2,3627.8,3729.7,25348.7,10539.6,4456.1,2011.4,1557.6,3707,3688.5,25960.3,10528.8,4486.2,2022,1546.9,3719.1,3704.7,26005.5
435,2017-10-01 00:00:00,10710.9,4639,1948.2,1518.3,3709.6,3871.1,26397.1,10574,4450.7,2013,1569.7,3679.9,3730.8,26018.1,10568.2,4482.3,2026.5,1549.2,3719,3717.7,26055.2
436,2017-11-01 00:00:00,10780.7,5025,2139.4,1730.4,4203.7,3828.1,27707.3,10598.7,4607.7,2036.5,1543.8,3784.5,3747.7,26319,10605.5,4494.7,2035.6,1549.7,3719,3733.2,26134.6
437,2017-12-01 00:00:00,12552.1,5901.4,3297.7,2822.6,4890.3,4174.9,33639,10689.4,4571.1,2055.9,1550.8,3733.7,3747.3,26348.2,10645.8,4525,2039.5,1547.1,3727.7,3745.8,26229.3
438,2018-01-01 00:00:00,10713.3,4516.1,1967.4,1413.1,3587.3,3698.8,25896,10667.7,4571.1,2052.5,1535.2,3754.6,3746.2,26327.3,10689.9,4555.3,2051.7,1545.1,3739,3754.4,26324.5
439,2018-02-01 00:00:00,9833.2,4023.6,1632.2,1099.4,3334.5,3377.8,23300.7,10691.3,4582.5,2072.1,1546.3,3764,3773.7,26429.8,10723.6,4579.8,2059.4,1546,3747.2,3753.3,26408.4
440,2018-03-01 00:00:00,11188.4,4327.6,1884.8,1416.2,3651.9,3749.1,26218,10777.6,4569.9,2038.4,1546.2,3752.2,3738,26422.3,10761.1,4594.5,2065.4,1550.2,3753.4,3752.8,26481.5
441,2018-04-01 00:00:00,10354.1,4131.3,1913.2,1402.7,3402.6,3679.3,24883.3,10811.7,4615,2055.7,1536.2,3758.1,3772,26548.7,10799.6,4598.6,2069.5,1556.1,3770.5,3759.3,26552
442,2018-05-01 00:00:00,10645.2,4370.8,2123.9,1518,3629.7,3666.6,25954.1,10842.9,4606.3,2101.2,1595.9,3766.6,3734.3,26647.1,10833.2,4597,2075.7,1561.3,3784.6,3770.9,26627.6
443,2018-06-01 00:00:00,10268.2,4659.6,2099.3,1587.2,3611.7,3601.3,25827.2,10861,4607.7,2103,1571.1,3787.8,3786.6,26717.2,10865.6,4596.1,2087.3,1564.1,3812,3791.7,26710.9
444,2018-07-01 00:00:00,10604.4,4420.4,1918.7,1426.7,3721.4,3844,25935.6,10890.2,4565.3,2078.9,1546.4,3858.7,3816.7,26756.2,10895.8,4596.5,2093.3,1564.9,3834.2,3808.7,26796.3
445,2018-08-01 00:00:00,10852.2,4434.8,1919.5,1343.6,3882.2,3908.3,26340.6,10920.7,4585.8,2092.9,1557,3892.9,3851.9,26901.3,10926,4597.9,2098.6,1563.2,3863.8,3822.1,26871.3
446,2018-09-01 00:00:00,10713.8,4467.8,1915.4,1398.8,3704.7,3863.4,26063.9,10965.4,4595.4,2086,1565.4,3870.1,3855.1,26937.5,10962.4,4598.8,2104,1560.2,3880.2,3829.3,26934.3
447,2018-10-01 00:00:00,11126.1,4779.9,2082.5,1524.8,3965.3,3929.1,27407.7,11006.1,4634,2134.9,1564.3,3888.3,3811.9,27039.4,11005.7,4598.8,2108.2,1556.4,3886.8,3831.3,26990.7
448,2018-11-01 00:00:00,11214.7,5100,2268.7,1745.1,4346.5,3934.2,28609.2,11039.4,4613.3,2125,1553.8,3888,3793.3,27012.7,11057.8,4596.5,2115.2,1553.1,3889.8,3838.1,27046.6
449,2018-12-01 00:00:00,13037.6,5826.5,3351.8,2813.5,5053.1,4278.9,34361.4,11121.6,4555.7,2099.6,1555.3,3880.9,3856.4,27069.5,11109.9,4587.2,2121.7,1551,3887,3843.9,27102.2
450,2019-01-01 00:00:00,11253.8,4518.6,2027.6,1409.6,3711.7,3826.7,26748,11130,4574.4,2119.2,1526.9,3892.6,3869.2,27112.2,11159.4,4574.5,2127.8,1550.2,3887.8,3858.4,27156.4
451,2019-02-01 00:00:00,10308.6,4020.5,1690.8,1115.2,3458.1,3456,24049.2,11216.4,4572.7,2148.1,1564.9,3902.3,3866.5,27270.9,11198.1,4562.3,2131.8,1551.4,3891,3871.7,27207.3
452,2019-03-01 00:00:00,11405.1,4325.4,1970.6,1355.7,3706.7,3897.1,26660.6,11266.8,4564.2,2153.3,1545.4,3878,3910.3,27317.9,11220.4,4556,2137.7,1554.6,3902.4,3884.3,27253.4
453,2019-04-01 00:00:00,10964.8,4086.4,1996.7,1474.6,3606.5,3808.2,25937.2,11241.3,4529.7,2126.8,1566.8,3910.2,3878.4,27253.3,11221.2,4558.2,2144.6,1558.8,3915.7,3892.8,27295.3
454,2019-05-01 00:00:00,11024.2,4345.5,2167.9,1512,3829.4,3829,26708,11214.3,4567.5,2136.5,1572,3937.1,3882.9,27310.2,11221.7,4566.9,2151.9,1561.8,3936.6,3898.1,27334.9
455,2019-06-01 00:00:00,10587.6,4590.4,2134.9,1570.2,3722.7,3706,26311.9,11167.7,4585.8,2176.3,1561.7,3973.8,3912.7,27378,11222.8,4580.6,2159,1564.3,3961.1,3896.6,27382.8
456,2019-07-01 00:00:00,10949.7,4431.4,2005.3,1439.2,3873.3,3903.5,26602.4,11234.8,4603.3,2158.3,1552.8,3971.5,3907.8,27428.6,,,,,,,
457,2019-08-01 00:00:00,11294.6,4480.6,2030.1,1381.4,3969.8,3948.4,27104.8,11262.5,4621.6,2192,1577.9,3992.3,3890.4,27536.7,,,,,,,
458,2019-09-01 00:00:00,10946.6,4491.2,1981.3,1384.2,3853.6,3926.6,26583.6,11322.4,4627.7,2182.4,1578.9,4004.5,3904.4,27620.4,,,,,,,
459,2019-10-01 00:00:00,11565.4,4793.9,2126.9,1544.5,4069.3,4043.2,28143.2,11374.2,4637.5,2175.2,1570.8,3993.7,3908.1,27659.5,,,,,,,
460,2019-11-01 00:00:00,11643.3,5172.5,2404,1826.3,4408.9,4067.3,29522.2,11441.4,4684.5,2228,1617.7,3965.6,3954.3,27891.4,,,,,,,
461,2019-12-01 00:00:00,13292.7,6024.6,3474.3,2819.9,5191.2,4389.3,35192.1,11445.1,4663.6,2186.1,1585.2,3971.6,3916,27767.6,,,,,,,
462,2020-01-01 00:00:00,11576,4563.4,2086.8,1417.3,3789.7,3890.1,27323.3,11444.6,4615.7,2185,1532.2,3955.4,3924.9,27657.7,,,,,,,
463,2020-02-01 00:00:00,11064.6,4214.4,1718.2,1180.2,3629.8,3621.3,25428.4,11554,4635.7,2102.8,1582.2,3971.1,3945.8,27791.6,,,,,,,
464,2020-03-01 00:00:00,14310.5,4752.4,1452.4,1241.4,4395.4,3007.1,29159.2,14342.6,5022.2,1602,1444.4,4602.4,3017.2,30030.8,,,,,,,
465,2020-04-01 00:00:00,11652.9,4532.7,703.9,1177,3645.2,1907.9,23619.5,11838.1,5056.7,753.5,1228,3966.7,1953.5,24796.5,,,,,,,
466,2020-05-01 00:00:00,12505.2,5607.6,1740.7,1697.2,4131.3,2499.1,28181.1,12635.1,5863.4,1725.2,1764.6,4311.7,2535.2,28835.2,,,,,,,
467,2020-06-01 00:00:00,11944.4,5756.6,2055.3,1557.7,4142.6,3111.8,28568.4,12721.4,5704.7,2073.6,1564.2,4340.8,3255.6,29660.3,,,,,,,
468,2020-07-01 00:00:00,12685.4,5764.9,2104.2,1528,4467.8,3458,30008.2,12901.2,5980.5,2247.6,1618.9,4575.5,3429.3,30753,,,,,,,
469,2020-08-01 00:00:00,12758.2,5336.9,1798,1236.8,4204.6,3229.6,28564.2,12878.1,5587.3,1975.9,1475.7,4330.5,3221.4,29469,,,,,,,
470,2020-09-01 00:00:00,12367.9,5272.7,1821.5,1360.2,4170.9,3342.5,28335.7,12737.9,5381.6,1976.7,1500.7,4299.6,3332.5,29228.9,,,,,,,
471,2020-10-01 00:00:00,13027.3,5565.9,2083.7,1562.4,4462.9,3615.8,30318,12729.5,5359.6,2114,1569.3,4364.6,3480.7,29617.8,,,,,,,
472,2020-11-01 00:00:00,12768,6525.9,2757.6,2070.7,5172.7,3805.6,33100.4,12707.3,5988.5,2604.2,1864.6,4692.3,3698.8,31555.8,,,,,,,
473,2020-12-01 00:00:00,14684.1,7065,3868.9,3012.7,5939.5,4260.1,38830.4,12581.2,5514,2410.1,1678.5,4503.1,3829.9,30516.7,,,,,,,
474,2021-01-01 00:00:00,12845.7,5447.4,2237.5,1514,4300.6,3783.9,30129,12669.1,5506.4,2372,1649.4,4546.9,3826.1,30569.9,,,,,,,
475,2021-02-01 00:00:00,11359.1,4879.3,1872.8,1197.7,4008.5,3440.4,26757.8,12350.5,5535.2,2385.8,1673.1,4534.8,3853.2,30332.5,,,,,,,
476,2021-03-01 00:00:00,12539.7,5337.3,2297.3,1600.2,4491.2,4044.9,30310.7,12297,5544.4,2470.8,1804,4584.1,4025.6,30725.9,,,,,,,
477,2021-04-01 00:00:00,11981.3,5011.2,2387.6,1596.8,4252.1,4017.5,29246.6,12373.2,5605.9,2539.2,1691.2,4648.8,4101.7,30960,,,,,,,
478,2021-05-01 00:00:00,12310.8,5249.2,2519.6,1602.1,4468,4043.1,30192.8,12487.4,5551.9,2506.3,1671.9,4670.7,4119.5,31007.7,,,,,,,
479,2021-06-01 00:00:00,11922.3,5551.9,2265.2,1560.2,4410.4,3696.9,29406.8,12655.1,5514.1,2297.7,1563.9,4642.1,3891,30563.8,,,,,,,
480,2021-07-01 00:00:00,12788.2,5199.7,1841.5,1313.9,4558.3,3447.7,29149.3,12910.9,5392.5,1969.1,1381.2,4680.2,3427.4,29761.4,,,,,,,
481,2021-08-01 00:00:00,12977.1,5057.1,1471.6,1032.5,4593.1,3219.9,28351.3,13224.5,5257.4,1627.1,1245.8,4716.3,3190.8,29261.9,,,,,,,
482,2021-09-01 00:00:00,12743.8,5330.7,1616.5,1137.6,4678.1,3369.8,28876.5,13075.4,5487.7,1757,1248.1,4825.1,3363.3,29756.7,,,,,,,
483,2021-10-01 00:00:00,13224,5907.5,2173.8,1493.4,4959.2,3916.1,31674.1,12981.5,5702.2,2241,1521.1,4910.7,3776.1,31132.7,,,,,,,
484,2021-11-01 00:00:00,12696,7018.2,3241,2106.2,5860.2,4222.7,35144.3,12683.6,6401.3,3016.1,1892.1,5246.7,4105.2,33345,,,,,,,
485,2021-12-01 00:00:00,15164.3,7442.1,4136.7,2765.5,6683.3,4580.5,40772.5,12944.2,5792.8,2557,1528.3,5053.3,4092.2,31967.9,,,,,,,
486,2022-01-01 00:00:00,13380.8,5722.6,2371.1,1446.9,4952.1,3997.3,31870.7,13221.4,5846.5,2527.3,1580.6,5246.2,4069.9,32492,,,,,,,
487,2022-02-01 00:00:00,11860.5,5279.2,2205.5,1259.6,4583.2,3995.3,29183.3,12881.2,5983.3,2809.9,1756.5,5189,4465.5,33085.4,,,,,,,
488,2022-03-01 00:00:00,13052.6,5875.3,2608.7,1599.3,5103.4,4554.2,32793.5,12939.6,6188.2,2824.2,1828.2,5290.5,4555.5,33626.1,,,,,,,
489,2022-04-01 00:00:00,13033.5,5463.1,2767.8,1725,4898.5,4610.4,32498.3,13182.7,6023.3,2912.8,1782.5,5317.8,4704,33923.1,,,,,,,
490,2022-05-01 00:00:00,12903.6,5769,2873.4,1767.6,5195.9,4748.9,33258.5,13196.8,6046.6,2871.3,1873.6,5396.8,4787.1,34172,,,,,,,
491,2022-06-01 00:00:00,12469.6,6010.8,2868.6,1817.9,5166.2,4672.5,33005.5,13160.9,6028.6,2907.5,1805.1,5422.7,4914.6,34239.3,,,,,,,
492,2022-07-01 00:00:00,13171.5,5750.9,2775.1,1760.3,5295.1,5013,33765.9,13324,5959.8,3003.9,1872.8,5506.9,5001.9,34669.3,,,,,,,
